,image,VSI,SSIM,MDSI,FSIM,RFSIM,SR_SIM,SMSE,quality
1,1836.jpg,0.998954553,0.995209969,0.159329682,0.99574942,0.908171684,0.998295766,2.164143974,60
2,857.jpg,0.998084585,0.994920507,0.175271054,0.997087068,0.75305468,0.99561159,0.858212395,70
3,1421.jpg,0.991206609,0.965909279,0.254759911,0.976808714,0.70219152,0.986939182,4.263763456,70
4,2015.jpg,0.995960457,0.983478498,0.199146376,0.98306453,0.549448915,0.991788676,2.924411053,70
5,228.jpg,0.997460509,0.988054254,0.204471503,0.991771008,0.8540098,0.993918739,1.180508896,60
6,1633.jpg,0.999934409,0.999747999,0.092991759,0.999684493,0.982256161,0.999845349,0.224488559,70
7,412.jpg,0.995620302,0.992949897,0.182434422,0.997532773,0.77982282,0.993611771,0.795994317,70
8,1694.jpg,0.996635952,0.983957766,0.209857741,0.9887305,0.750118428,0.994794699,1.665739748,70
9,1936.jpg,0.994320015,0.983886878,0.204027451,0.95638506,0.680386278,0.990522511,0.735600355,60
10,257.jpg,0.994883788,0.96007284,0.22217365,0.981865306,0.74446299,0.991605518,3.146355375,60
11,1240.jpg,0.993540368,0.959068678,0.259799142,0.972489862,0.593242303,0.983976235,1.761330841,80
12,703.jpg,0.995116634,0.983966986,0.214087841,0.987789629,0.817204692,0.993410352,1.733204337,70
13,259.jpg,0.997288075,0.992088823,0.183256426,0.99640476,0.813955493,0.9969055,1.668013675,70
14,1834.jpg,0.999285447,0.995542316,0.152694641,0.996665896,0.908881749,0.998693427,0.807859439,60
15,226.jpg,0.997096688,0.988498519,0.19206077,0.995543914,0.725841513,0.994083489,0.600080488,60
16,420.jpg,0.998786201,0.993547155,0.162819792,0.99626193,0.877971727,0.997904763,0.435628977,65
17,417.jpg,0.99826444,0.992188211,0.174194036,0.995954902,0.911975725,0.996168204,0.474654,60
18,729.jpg,0.994504783,0.982419346,0.226682326,0.987491615,0.826444022,0.989699796,1.675760173,60
19,511.jpg,0.995703872,0.986902984,0.203782346,0.994178239,0.753797971,0.994134331,2.277804753,65
20,564.jpg,0.99653065,0.99518388,0.185595953,0.99635946,0.849395393,0.995398077,0.763760608,70
21,974.jpg,0.996676127,0.987497429,0.199017346,0.990411771,0.749619948,0.993410039,0.949379769,60
22,700.jpg,0.993783449,0.964332457,0.224763492,0.983637134,0.625705847,0.990133767,2.41148203,60
23,1216.jpg,0.98832444,0.936611524,0.297754939,0.952125309,0.512991724,0.974722078,0.475137133,65
24,388.jpg,0.995989189,0.990740663,0.185638564,0.996123493,0.810293274,0.993753789,1.032042556,70
25,1533.jpg,0.992987382,0.960257739,0.242101241,0.979786597,0.710364075,0.990543366,3.436657922,60
26,329.jpg,0.995544038,0.971519198,0.240509119,0.980343346,0.709432995,0.993570234,2.050650855,65
27,575.jpg,0.99570238,0.992998093,0.196456666,0.996276985,0.857113928,0.994768403,1.220110387,70
28,296.jpg,0.991491345,0.987194028,0.211692996,0.994014267,0.627362035,0.986318653,0.428925307,65
29,1479.jpg,0.990543426,0.954125749,0.267589703,0.963281791,0.528445373,0.980633388,1.673510505,80
30,1158.jpg,0.987032954,0.920884355,0.303466985,0.951279269,0.597147952,0.975474839,2.635245624,70
31,471.jpg,0.997431281,0.992795818,0.191816523,0.997174087,0.716039715,0.994606633,1.615814112,60
32,1239.jpg,0.992518427,0.944569672,0.278101427,0.961472792,0.609123686,0.981174216,3.402957485,60
33,1980.jpg,0.99159986,0.983925174,0.203700196,0.979893734,0.649251891,0.992788668,2.002220302,65
34,2088.jpg,0.996808998,0.958327183,0.239901816,0.972701991,0.862133298,0.995034003,0.787762865,60
35,825.jpg,0.994998952,0.988345393,0.200726044,0.989179483,0.566117687,0.991765803,0.179864858,60
36,1876.jpg,0.998798657,0.992770854,0.159043221,0.996542093,0.951040945,0.998643373,2.314448883,50
37,1041.jpg,0.991440772,0.95056791,0.263229344,0.973808896,0.690810429,0.987716855,5.557553904,60
38,1798.jpg,0.99957216,0.996244624,0.129985289,0.998618416,0.971125051,0.999473634,0.656801624,50
39,959.jpg,0.995617314,0.988507863,0.190121327,0.995102306,0.823280621,0.993646242,0.942379515,70
40,1808.jpg,0.998632069,0.990040909,0.173858201,0.995992814,0.892214695,0.998363556,3.1742403,60
41,1945.jpg,0.994001397,0.951987848,0.241620797,0.978075369,0.715453624,0.989650806,4.424505231,70
42,1530.jpg,0.999458983,0.99877916,0.1267805,0.998698047,0.97811696,0.999480089,0.230265896,80
43,1258.jpg,0.982381696,0.887521432,0.308679159,0.946948259,0.41844125,0.973141468,5.851696126,60
44,1145.jpg,0.984442992,0.922041581,0.299025644,0.961121413,0.502701644,0.979059365,5.818609601,60
45,75.jpg,0.997932115,0.990766241,0.189838983,0.994722845,0.959484318,0.996308915,0.369585774,70
46,1261.jpg,0.990522179,0.940547215,0.266421876,0.967188146,0.654965017,0.983093267,3.111267636,60
47,812.jpg,0.990940359,0.938803225,0.27369461,0.968369565,0.746574703,0.988192468,3.029906931,60
48,1257.jpg,0.991400207,0.954065756,0.257426218,0.972914782,0.681154198,0.98629073,4.918633893,70
49,454.jpg,0.995781833,0.983613132,0.209148664,0.988917801,0.71524575,0.993002838,1.802529202,70
50,1164.jpg,0.991269109,0.952259453,0.27112971,0.974347673,0.663418885,0.987555448,4.130453156,60
51,2037.jpg,0.995137869,0.969762563,0.221222588,0.983575887,0.768904664,0.991085614,2.52583639,70
52,481.jpg,0.99428791,0.978218697,0.226792108,0.985960242,0.78317562,0.991531408,1.677186474,65
53,1102.jpg,0.989235502,0.891985721,0.264789873,0.959881173,0.510647397,0.982946055,6.575192989,50
54,2190.jpg,0.991702527,0.921208951,0.273585076,0.967211712,0.619652271,0.985710203,5.600579058,60
55,375.jpg,0.995030212,0.979154122,0.198567254,0.993637455,0.836173628,0.9923006,2.307740735,80
56,1582.jpg,0.994633315,0.959534159,0.233413084,0.981433449,0.701059098,0.990984408,3.819460009,70
57,1937.jpg,0.996276618,0.970571537,0.220875873,0.988659693,0.737488586,0.994898295,4.018747387,80
58,1896.jpg,0.992642992,0.964930633,0.273556329,0.975570158,0.828231963,0.985999122,1.9377261,80
59,1671.jpg,0.993657723,0.95806309,0.245497212,0.97486263,0.63917677,0.988701259,5.188168118,60
60,1093.jpg,0.983847782,0.835999108,0.28354541,0.944612352,0.621043088,0.972193556,7.377748341,60
61,28.jpg,0.998006723,0.995298912,0.167950451,0.997486091,0.87174787,0.997224814,0.799159292,60
62,2168.jpg,0.985287932,0.969853011,0.270438471,0.975708682,0.578174019,0.987471395,6.037219635,70
63,457.jpg,0.995522213,0.985424344,0.211048283,0.990009544,0.812696249,0.992307922,1.263174549,70
64,1977.jpg,0.996448298,0.984450919,0.195606825,0.988805827,0.763580866,0.993343167,0.858827316,80
65,485.jpg,0.994643478,0.979700735,0.220429851,0.986637376,0.689609335,0.989622595,2.361577067,60
66,2106.jpg,0.999283589,0.995132577,0.155284629,0.99452136,0.964502058,0.998607656,0.424588976,50
67,1841.jpg,0.998781727,0.991891627,0.169360542,0.99607388,0.878156941,0.998544711,3.164320691,60
68,1625.jpg,0.997774136,0.994442198,0.202320706,0.992253008,0.870854782,0.997723729,0.074374567,70
69,300.jpg,0.99517257,0.991249982,0.203441975,0.992302801,0.72742786,0.994658313,1.742051832,70
70,20.jpg,0.996966719,0.984497269,0.200865333,0.991614613,0.82949529,0.995778476,1.591472413,60
71,964.jpg,0.996514921,0.984416053,0.204496824,0.988989408,0.734436772,0.994305313,1.366787881,65
72,2004.jpg,0.99369023,0.9363949,0.252775995,0.975085539,0.704939653,0.987047999,2.879680349,70
73,658.jpg,0.997603923,0.996417227,0.16062082,0.99912948,0.88486568,0.997694457,0.4318664,70
74,1819.jpg,0.998453996,0.991806473,0.171577665,0.99608099,0.896394651,0.998049875,4.212305542,60
75,908.jpg,0.997732969,0.998042484,0.156088488,0.999082162,0.809207116,0.997844228,0.368625829,70
76,651.jpg,0.998184041,0.998569147,0.149286334,0.999119269,0.825467063,0.998213913,0.492220226,70
77,609.jpg,0.992379908,0.97660345,0.237676791,0.989944086,0.692038378,0.987520852,0.739614464,65
78,931.jpg,0.995456594,0.991103944,0.193254597,0.995514924,0.713495527,0.99337032,1.750768158,75
79,1965.jpg,0.995930002,0.972186609,0.22146257,0.986554253,0.795888814,0.993373882,2.742891779,80
80,662.jpg,0.997065269,0.994450281,0.174407987,0.99858368,0.81507941,0.996555226,0.631977742,60
81,192.jpg,0.995925251,0.990262959,0.191090882,0.995947584,0.71714562,0.993684897,1.27690218,65
82,1739.jpg,0.991502758,0.949919498,0.26656457,0.974339544,0.726544271,0.986479237,4.169922893,70
83,647.jpg,0.99806648,0.997268828,0.145740822,0.999214208,0.845562662,0.997869586,0.386859509,70
84,488.jpg,0.996402435,0.98513917,0.202192702,0.989248521,0.810431429,0.994524326,1.225398401,60
85,2129.jpg,0.988452693,0.931922803,0.301979149,0.955155808,0.580612646,0.981414984,4.823932349,50
86,1794.jpg,0.999745095,0.997888225,0.1145998,0.999180597,0.985530484,0.999632311,0.413579685,50
87,829.jpg,0.997097773,0.991099535,0.193677339,0.993005273,0.891632898,0.995977617,0.880004113,70
88,1302.jpg,0.992413518,0.950882687,0.272695514,0.96914733,0.748272793,0.984985567,2.982686579,75
89,1786.jpg,0.999819539,0.998405545,0.101431061,0.999498359,0.989758021,0.999795732,0.201278496,55
90,148.jpg,0.99548307,0.994753253,0.179562279,0.997872477,0.782442192,0.994068132,0.804707235,60
91,1935.jpg,0.995287088,0.986626222,0.180604272,0.9367945,0.637995911,0.99200745,1.799019082,70
92,1265.jpg,0.990872283,0.926410811,0.285628326,0.967845917,0.666905078,0.984732631,4.390245858,60
93,189.jpg,0.997074838,0.990478079,0.184249408,0.996323711,0.782574298,0.994209643,0.669414814,60
94,2133.jpg,0.999669482,0.998066582,0.127435407,0.997698835,0.986686146,0.99955232,0.357715358,50
95,1770.jpg,0.99638159,0.985258342,0.202808425,0.986602042,0.882208505,0.991046586,0.700652045,70
96,27.jpg,0.997674424,0.994843968,0.168896364,0.996244523,0.872985212,0.996982286,0.875337736,60
97,1440.jpg,0.992700298,0.964920702,0.261226033,0.975898629,0.711016675,0.98650454,1.424226496,60
98,813.jpg,0.99385575,0.962981826,0.245648644,0.982992645,0.749352179,0.988373772,1.278631682,65
99,549.jpg,0.996957094,0.995115657,0.175208646,0.997150737,0.789401631,0.996281954,0.717159259,70
100,1697.jpg,0.994788113,0.969717131,0.237359315,0.978837299,0.782068812,0.987996578,1.358712115,60
101,1846.jpg,0.998835393,0.992410688,0.166935504,0.995895804,0.89132256,0.998120153,2.07140349,60
102,1098.jpg,0.995243273,0.984895972,0.234135062,0.98602759,0.824047057,0.991065671,1.96053715,60
103,1056.jpg,0.991444445,0.979326597,0.256979758,0.973027107,0.674128017,0.986487831,1.889153999,65
104,313.jpg,0.992443317,0.987847561,0.203808383,0.994377931,0.579710954,0.989568553,0.625491465,65
105,1442.jpg,0.990770195,0.933495396,0.270442371,0.966979742,0.571984431,0.983135809,4.837719751,60
106,1531.jpg,0.995481778,0.973407429,0.220665964,0.989177585,0.683399777,0.994409958,3.313502725,60
107,2125.jpg,0.997358832,0.991478123,0.200856318,0.995141417,0.880197075,0.997986881,4.985897896,65
108,1046.jpg,0.993975576,0.972505016,0.233192198,0.977471899,0.629427281,0.99125221,2.316848697,60
109,789.jpg,0.994286577,0.987297383,0.219513626,0.990782125,0.731866045,0.992803148,1.479182765,65
110,798.jpg,0.99313887,0.969589032,0.233418966,0.984358513,0.805789337,0.99400101,2.219761195,60
111,1173.jpg,0.995915621,0.978492262,0.209794807,0.987249073,0.743744679,0.99275667,1.76978808,70
112,408.jpg,0.997454569,0.997537258,0.163959633,0.999344847,0.835726325,0.998242857,0.387894328,70
113,2008.jpg,0.996173647,0.982295256,0.199839364,0.985761684,0.616030906,0.993497649,4.27339419,70
114,1785.jpg,0.997667326,0.985428991,0.210802279,0.98877571,0.895387401,0.993035026,0.823291028,70
115,545.jpg,0.994286577,0.987297383,0.219513626,0.990782125,0.731866045,0.992803148,1.479182765,60
116,2233.jpg,0.993952902,0.960822741,0.249276824,0.975071983,0.747054216,0.988091169,2.783359346,60
117,1444.jpg,0.990490814,0.939734422,0.276392582,0.977457582,0.572792415,0.986051185,3.695166259,80
118,1569.jpg,0.995891364,0.971354237,0.223827497,0.981826097,0.86146417,0.991978258,0.92159052,60
119,1689.jpg,0.998704577,0.993988423,0.17157979,0.995522623,0.930984436,0.998215255,2.31383338,60
120,1136.jpg,0.998410619,0.990543882,0.176472895,0.993556289,0.866828266,0.997838634,0.993199949,65
121,1198.jpg,0.990735774,0.930565426,0.284709675,0.978509375,0.524849138,0.986036895,4.541468852,80
122,1804.jpg,0.999499896,0.997065886,0.130282679,0.998447198,0.957740563,0.999241921,1.29760616,70
123,1546.jpg,0.991807731,0.951042917,0.253850276,0.977228539,0.558473517,0.988380197,5.180184915,60
124,1087.jpg,0.995587469,0.981606951,0.2380786,0.983731287,0.760638048,0.991825558,1.863378355,70
125,828.jpg,0.996907128,0.991453153,0.194629931,0.995236789,0.838468688,0.995216248,1.177587408,70
126,213.jpg,0.995587094,0.980412256,0.211837491,0.988343052,0.823942058,0.993705752,1.500915351,70
127,851.jpg,0.986439,0.924076019,0.295265377,0.962730205,0.660725016,0.978564848,2.678092443,60
128,433.jpg,0.995456594,0.991103944,0.193254597,0.995514924,0.713495527,0.99337032,1.750768158,70
129,1693.jpg,0.995133587,0.973974286,0.244012166,0.986313229,0.653738349,0.993753639,2.708421955,65
130,436.jpg,0.996041315,0.992054449,0.191973005,0.995822348,0.800653535,0.994727328,1.16583023,60
131,1634.jpg,0.999977381,0.999950591,0.066286548,0.999916859,0.992777435,0.999945875,0.028970437,80
132,95.jpg,0.997528112,0.992530483,0.189680822,0.995865713,0.839025666,0.995920584,1.475998203,70
133,1618.jpg,0.981114706,0.919981343,0.321110111,0.945009735,0.381322151,0.971079505,0.492352156,55
134,850.jpg,0.997471938,0.995425383,0.178084839,0.997452463,0.832109329,0.9953484,0.682280547,70
135,303.jpg,0.990780217,0.937942998,0.275987742,0.967675446,0.689903578,0.987780227,2.487271839,65
136,1939.jpg,0.992770749,0.98184748,0.222780402,0.95368917,0.727944651,0.988822751,1.840408678,60
137,1372.jpg,0.994157944,0.965945912,0.246669312,0.975009028,0.716519975,0.986300458,2.497503684,70
138,953.jpg,0.997467784,0.992088682,0.183855472,0.994422518,0.801029594,0.995581692,0.795750694,70
139,967.jpg,0.997460509,0.988054254,0.204471503,0.991771008,0.8540098,0.993918739,1.180508896,65
140,728.jpg,0.997460509,0.988054254,0.204471503,0.991771008,0.8540098,0.993918739,1.180508896,60
141,616.jpg,0.997393628,0.992824735,0.193152783,0.991887057,0.869440137,0.995366174,1.281500776,70
142,760.jpg,0.995644408,0.985133292,0.213673833,0.989298064,0.707461272,0.994974753,2.950111537,60
143,493.jpg,0.995072507,0.976212569,0.226290392,0.981406343,0.750552519,0.991861948,3.286957497,60
144,1837.jpg,0.998952953,0.992156843,0.16242074,0.995206913,0.902805578,0.998434607,0.967202506,65
145,1994.jpg,0.995764096,0.990805498,0.201581671,0.987517345,0.782400468,0.994627789,1.299672912,70
146,2139.jpg,0.999347886,0.993933887,0.143444351,0.997190278,0.957144416,0.998880675,2.276903441,60
147,435.jpg,0.997460442,0.994783224,0.174463926,0.997423857,0.858871092,0.997276096,0.749762877,70
148,1259.jpg,0.980910594,0.885686906,0.304237093,0.95030228,0.355986469,0.972961517,5.413737286,60
149,348.jpg,0.999152831,0.997858439,0.155491075,0.996399863,0.917590781,0.998875197,2.273624818,60
150,595.jpg,0.997776392,0.993315225,0.186564547,0.995900101,0.8199779,0.995124598,0.797860565,70
151,58.jpg,0.996318802,0.99060365,0.199457315,0.991837267,0.837462376,0.995018007,0.917477617,70
152,2105.jpg,0.998000445,0.983061655,0.192391128,0.991384889,0.901053554,0.996939643,5.091233879,45
153,93.jpg,0.99576937,0.991100693,0.20806629,0.990147412,0.754161554,0.994393593,3.214858378,70
154,875.jpg,0.997335478,0.995288808,0.17684489,0.996495663,0.874205229,0.994635841,0.634825831,70
155,1960.jpg,0.994887669,0.958649833,0.238539132,0.984111313,0.723947682,0.990392048,3.490452245,70
156,1986.jpg,0.994062178,0.981400628,0.208358097,0.984672954,0.691972884,0.99168486,3.069565052,70
157,373.jpg,0.990459715,0.949356526,0.259600907,0.972466996,0.666077954,0.98424724,1.955307816,60
158,2216.jpg,0.993731542,0.971539059,0.247331907,0.987664182,0.705684088,0.992382968,4.506596661,65
159,1631.jpg,0.999068749,0.990558717,0.167496738,0.983816922,0.885697215,0.99898369,0.641579756,50
160,2200.jpg,0.998095216,0.977012634,0.191784857,0.99154422,0.935825403,0.99773103,0.568369906,50
161,1229.jpg,0.99132537,0.947893553,0.272064121,0.96541608,0.600319724,0.983514094,4.485777915,60
162,1222.jpg,0.989537479,0.95120885,0.272089194,0.975636142,0.649012264,0.98744357,5.549934353,60
163,78.jpg,0.989138694,0.936171016,0.270310644,0.976451125,0.78253018,0.992001164,1.336592485,60
164,691.jpg,0.995824117,0.991303718,0.189209127,0.996031852,0.787822159,0.994822968,1.210557004,60
165,83.jpg,0.986439,0.924076019,0.295265377,0.962730205,0.660725016,0.978564848,2.678092443,60
166,810.jpg,0.996358921,0.971994292,0.238316748,0.982793526,0.823900118,0.992703913,1.731090303,60
167,1989.jpg,0.991373472,0.939562101,0.257095811,0.973296614,0.642524738,0.985710111,5.430971677,60
168,403.jpg,0.998573782,0.997847085,0.134534366,0.999240846,0.817055011,0.997723997,0.380191825,80
169,1431.jpg,0.99433717,0.976495233,0.224558028,0.987000938,0.70500347,0.993445887,5.45538247,70
170,522.jpg,0.997220085,0.993681716,0.161136652,0.998434082,0.828124304,0.996072012,0.64155906,70
171,1400.jpg,0.994495352,0.966037993,0.244622234,0.975444675,0.684214139,0.984495017,2.221723878,70
172,55.jpg,0.999057422,0.999342641,0.122410722,0.999405255,0.888764944,0.998594826,0.916875778,60
173,1938.jpg,0.990586542,0.974780161,0.22912234,0.954640404,0.658221518,0.988166814,2.050641328,60
174,1138.jpg,0.992994,0.949758,0.274194283,0.969106636,0.663956103,0.984089067,0.2282887,60
175,38.jpg,0.995157489,0.986518618,0.192349058,0.992252945,0.749323145,0.992711151,1.287760457,60
176,1884.jpg,0.999042158,0.992493401,0.161065303,0.996597943,0.9495549,0.998546674,0.339859376,60
177,1322.jpg,0.987182409,0.920631946,0.299362878,0.958562014,0.592617671,0.979148427,5.257714228,60
178,120.jpg,0.99674782,0.991953077,0.187030692,0.996187762,0.846611748,0.996291254,1.47694549,60
179,2146.jpg,0.989088242,0.950300733,0.282462609,0.969428715,0.691769641,0.985999751,4.803566372,60
180,863.jpg,0.994383281,0.959772133,0.251189944,0.976247464,0.889614136,0.991229493,1.866764614,60
181,835.jpg,0.993507804,0.980794808,0.228939472,0.991878195,0.851456054,0.991111269,1.028669056,60
182,317.jpg,0.997858517,0.990008947,0.17980917,0.989817383,0.571674432,0.995482291,0.818888476,70
183,2192.jpg,0.997192404,0.987936069,0.193014948,0.995046658,0.846491136,0.997706789,5.928615971,60
184,1042.jpg,0.997318027,0.969519487,0.203375491,0.99077616,0.844573423,0.997294803,2.549344773,45
185,736.jpg,0.996395331,0.98396292,0.211870003,0.987372769,0.84587583,0.993091583,1.54951342,70
186,1565.jpg,0.988453748,0.914420917,0.307551893,0.948983445,0.542993132,0.974602472,4.483373066,60
187,506.jpg,0.99616182,0.973589804,0.194023262,0.993460435,0.912734843,0.995601392,0.979984075,60
188,1979.jpg,0.994076539,0.98257758,0.192725004,0.97898337,0.548576327,0.99302891,1.627645948,60
189,1281.jpg,0.99182368,0.956636796,0.272629507,0.965850225,0.670979074,0.983030207,2.368699936,60
190,1976.jpg,0.993736556,0.978067002,0.217296276,0.983083531,0.689022564,0.992137762,1.700061406,60
191,1190.jpg,0.996130222,0.977390538,0.217433511,0.984158579,0.866634334,0.992212556,1.059973196,60
192,301.jpg,0.997225807,0.98766704,0.207298289,0.987650114,0.876762504,0.994165005,1.456336916,70
193,221.jpg,0.996031968,0.986190449,0.196671484,0.992005284,0.800415552,0.993015917,2.036757812,80
194,2194.jpg,0.999378837,0.996480203,0.134580614,0.998795914,0.963918857,0.99953011,1.879422177,60
195,2117.jpg,0.985287932,0.969853011,0.270438471,0.975708682,0.578174019,0.987471395,6.037219635,70
196,172.jpg,0.995633822,0.990423766,0.190154242,0.995829187,0.832909573,0.993303366,1.026495269,70
197,1767.jpg,0.992778004,0.960808096,0.257894587,0.973949451,0.734854136,0.986969118,2.34724195,70
198,1502.jpg,0.994634493,0.970729706,0.243211974,0.976431507,0.731086666,0.987901706,2.686693639,80
199,1570.jpg,0.988332166,0.942736841,0.282142329,0.962700112,0.614796669,0.980751,5.017904427,60
200,1487.jpg,0.994021362,0.944988099,0.246812788,0.975919143,0.739363441,0.987505251,2.421318867,55
201,1409.jpg,0.97938893,0.869106737,0.318335661,0.942234012,0.351108397,0.968658536,0.221065018,70
202,744.jpg,0.996542676,0.976877799,0.200141515,0.993383053,0.791096581,0.996494507,0.856726601,60
203,872.jpg,0.996794239,0.993306691,0.192818095,0.995708929,0.851472361,0.994093953,0.834662717,70
204,1221.jpg,0.978219779,0.886773319,0.336752916,0.939139128,0.475568213,0.968576937,2.188771535,55
205,1734.jpg,0.992801315,0.962589918,0.256811595,0.974094414,0.764748528,0.987672544,3.468862534,65
206,1176.jpg,0.991952825,0.945577942,0.26557635,0.968520527,0.538546012,0.984977024,1.991923609,70
207,1517.jpg,0.993517269,0.9470097,0.264613122,0.972062616,0.621950478,0.985719303,3.369314361,70
208,1681.jpg,0.998511852,0.996760184,0.170534014,0.995921587,0.906703718,0.997997432,2.723188413,60
209,1437.jpg,0.991334023,0.951172393,0.268792251,0.974615808,0.649862586,0.985964388,3.060793768,60
210,1434.jpg,0.986472255,0.933841246,0.28490368,0.961839742,0.548388339,0.979861279,4.605641486,70
211,1742.jpg,0.992840849,0.968453757,0.239646569,0.979915796,0.760769232,0.989996604,3.580130157,80
212,1597.jpg,0.999220424,0.994213538,0.153642498,0.991511515,0.923944167,0.998596731,0.296384646,50
213,975.jpg,0.994707579,0.980472515,0.228552255,0.985795597,0.779574346,0.990095105,1.843311809,60
214,1451.jpg,0.991056815,0.935019529,0.273195749,0.968233621,0.605935959,0.984412408,4.412502008,70
215,176.jpg,0.994766574,0.982096463,0.21540913,0.991759239,0.732109381,0.991608245,2.167896354,60
216,470.jpg,0.998766015,0.993849402,0.174714458,0.998225471,0.84358436,0.995276811,0.413982461,60
217,1720.jpg,0.995567247,0.980420991,0.216276308,0.985152235,0.857477714,0.990621549,1.128580992,70
218,1664.jpg,0.99901896,0.994315372,0.168803406,0.997428371,0.865794801,0.998342923,0.14335124,60
219,162.jpg,0.99826444,0.992188211,0.174194036,0.995954902,0.911975725,0.996168204,0.474654,60
220,787.jpg,0.993652679,0.982319061,0.231592033,0.990738696,0.685968224,0.991954782,2.678708074,60
221,1636.jpg,0.999314821,0.997548766,0.18531206,0.998066172,0.956416209,0.999049534,0.533553903,70
222,480.jpg,0.995934088,0.990018456,0.183115877,0.997285656,0.738625666,0.994049641,0.820705761,60
223,405.jpg,0.998077957,0.997640628,0.153606522,0.999230114,0.861712263,0.998216898,0.488766082,70
224,598.jpg,0.999182502,0.997238125,0.143369294,0.998617949,0.920045506,0.998473306,0.526273597,60
225,607.jpg,0.998368002,0.994988826,0.177713787,0.994622686,0.878929829,0.997681833,4.612190537,60
226,1228.jpg,0.995240175,0.958631593,0.20983101,0.988953505,0.655821059,0.994159211,4.190187528,70
227,2059.jpg,0.995180994,0.956954486,0.236279396,0.982560374,0.829786632,0.99214901,2.408188451,60
228,1277.jpg,0.989747073,0.936340093,0.273449587,0.968314972,0.635564789,0.982468834,4.845502478,70
229,1973.jpg,0.994205946,0.982016773,0.20679336,0.982586031,0.522070433,0.992692387,2.098495649,60
230,1212.jpg,0.979023229,0.885607612,0.317199201,0.943562466,0.364736904,0.968698247,6.125004558,60
231,1126.jpg,0.997851068,0.98822049,0.184299579,0.993706132,0.901671287,0.997123869,3.807182208,50
232,852.jpg,0.997215441,0.993825102,0.189331854,0.995752999,0.841697069,0.995169664,1.281458662,70
233,8.jpg,0.995035369,0.989859219,0.197758985,0.989235686,0.837215055,0.992840803,0.840519418,60
234,950.jpg,0.995587094,0.980412256,0.211837491,0.988343052,0.823942058,0.993705752,1.500915351,70
235,112.jpg,0.994642702,0.98096821,0.217227835,0.986560426,0.772816896,0.992881161,2.206374269,70
236,1292.jpg,0.990107484,0.93751055,0.280162975,0.956757384,0.557846834,0.978273651,3.571436487,60
237,1610.jpg,0.993142451,0.983162941,0.240050863,0.984494531,0.752226851,0.992018401,4.15712522,60
238,1718.jpg,0.994611327,0.976955434,0.233307171,0.988678914,0.776948631,0.988037494,1.781438733,70
239,445.jpg,0.996521992,0.984398622,0.199566525,0.991346807,0.657725301,0.99357767,2.34404689,70
240,1862.jpg,0.997612331,0.984876367,0.196062646,0.989957114,0.935655899,0.995227183,0.530577993,60
241,2043.jpg,0.995170026,0.984857099,0.202600128,0.983894958,0.64470732,0.992273448,2.405194344,70
242,453.jpg,0.993604779,0.99089189,0.201909612,0.996511993,0.647732052,0.991115781,1.16061952,60
243,2221.jpg,0.991325637,0.963211504,0.259204055,0.972780121,0.70570392,0.985844025,4.537393734,70
244,442.jpg,0.994694066,0.980304787,0.21390651,0.98422754,0.7005285,0.991851895,2.880229427,70
245,70.jpg,0.996655456,0.988292713,0.206797679,0.988114612,0.862226801,0.994779275,1.48516037,70
246,99.jpg,0.996365263,0.990062999,0.199971741,0.992165688,0.873367017,0.994454022,1.113676927,70
247,165.jpg,0.997937523,0.993246161,0.175083827,0.996224691,0.906276969,0.995349033,0.690223142,60
248,1719.jpg,0.991852707,0.954410913,0.257668343,0.972263471,0.770335332,0.985965855,2.49241525,60
249,2063.jpg,0.993159991,0.989165394,0.196438704,0.946964868,0.620650871,0.990265467,0.886875603,60
250,999.jpg,0.995132355,0.970808921,0.227730882,0.982890259,0.771487423,0.99155417,3.342784411,60
251,1827.jpg,0.998588099,0.990157159,0.17246918,0.995446623,0.896539137,0.998003326,2.825710095,60
252,1909.jpg,0.994575371,0.960082396,0.275831914,0.968988253,0.726080541,0.987004971,2.579331561,80
253,557.jpg,0.996132948,0.985518094,0.20670672,0.989293919,0.549504458,0.992215891,0.267807046,60
254,1353.jpg,0.9964293,0.981361031,0.218618536,0.986188421,0.850220373,0.991236981,0.586047293,60
255,684.jpg,0.996914623,0.993026694,0.171813094,0.997920739,0.797211571,0.996189303,0.772234963,70
256,33.jpg,0.995536411,0.976140778,0.206521643,0.990831853,0.812987469,0.993865959,1.649499316,70
257,1990.jpg,0.994281166,0.980016994,0.214101092,0.980579089,0.721810995,0.991868136,3.599770664,70
258,1821.jpg,0.999434496,0.996118644,0.132924599,0.998483023,0.962598195,0.999369889,1.665467516,70
259,426.jpg,0.997355247,0.994795,0.169834465,0.998150827,0.832262115,0.996648962,0.802373415,70
260,364.jpg,0.997503461,0.990699498,0.193449012,0.991953386,0.90757721,0.995178439,0.936881023,70
261,1186.jpg,0.980938344,0.898605637,0.331973398,0.931640959,0.514574267,0.96699189,2.753051522,55
262,561.jpg,0.998977947,0.999042293,0.132300244,0.998878109,0.887502531,0.998607642,1.381703634,60
263,534.jpg,0.998930753,0.996656834,0.137048858,0.998259148,0.92995587,0.999031661,0.303467011,70
264,735.jpg,0.995656546,0.993350132,0.194887442,0.996052429,0.758310477,0.995021472,1.218756307,70
265,1797.jpg,0.998909704,0.989282964,0.167836882,0.994973901,0.937792752,0.998087062,1.80039182,60
266,1706.jpg,0.987883159,0.902064244,0.305150044,0.949724398,0.621751602,0.975564905,2.250408898,55
267,343.jpg,0.997072746,0.990789602,0.190808946,0.991920265,0.776606818,0.994470597,1.410326052,70
268,2145.jpg,0.988452693,0.931922803,0.301979149,0.955155808,0.580612646,0.981414984,4.823932349,50
269,512.jpg,0.99658027,0.983119416,0.188021413,0.9943883,0.880961204,0.995431071,1.165679427,60
270,1207.jpg,0.99077073,0.958221726,0.259731979,0.972099131,0.722661763,0.984001496,2.811401308,60
271,1921.jpg,0.9951509,0.967107185,0.242503939,0.984876371,0.764175799,0.992332182,2.403499478,75
272,1065.jpg,0.993231699,0.987293111,0.219538066,0.993657035,0.780146807,0.985374279,0.222289236,80
273,1370.jpg,0.995531989,0.974266593,0.217252004,0.987933382,0.801229652,0.993827239,2.676159217,60
274,514.jpg,0.996548038,0.983147165,0.210429287,0.988509357,0.760642559,0.995814917,2.14371817,60
275,399.jpg,0.99699591,0.994153415,0.173203992,0.997604562,0.848940164,0.996458511,0.480163807,60
276,440.jpg,0.995959358,0.987199207,0.213035521,0.989692298,0.811331356,0.992745333,1.085437665,60
277,710.jpg,0.999531774,0.997106769,0.126191357,0.998622771,0.964781738,0.99934623,0.614599564,70
278,655.jpg,0.997732969,0.998042484,0.156088488,0.999082162,0.809207116,0.997844228,0.368625829,70
279,68.jpg,0.990345673,0.964974138,0.267617888,0.964497037,0.700821031,0.983422039,1.391318542,60
280,2060.jpg,0.99598168,0.968227402,0.226809111,0.984177659,0.777152176,0.991850277,2.752556387,75
281,878.jpg,0.997615727,0.992102404,0.18761659,0.992864007,0.89729148,0.995284566,0.993918913,70
282,354.jpg,0.996420027,0.982751918,0.215372496,0.986600209,0.729661435,0.995315596,3.487955384,70
283,249.jpg,0.999137436,0.993737373,0.146154225,0.997309997,0.935955394,0.998838633,2.601747012,60
284,568.jpg,0.997097773,0.991099535,0.193677339,0.993005273,0.891632898,0.995977617,0.880004113,70
285,1901.jpg,0.994764139,0.970687439,0.246625942,0.976750605,0.781269712,0.990014532,2.502581338,70
286,518.jpg,0.996845038,0.985686665,0.200351708,0.989124602,0.849311498,0.995677641,1.529735291,60
287,1397.jpg,0.986594599,0.911088888,0.301501304,0.958295097,0.591556831,0.978494257,5.138102184,70
288,45.jpg,0.997757051,0.989694814,0.188650596,0.991019197,0.894311913,0.996640068,0.905697203,70
289,1899.jpg,0.992328284,0.948073926,0.277662922,0.972401413,0.81358464,0.990453868,2.5085909,70
290,1861.jpg,0.998562797,0.990681744,0.175077896,0.988913354,0.928319957,0.9959799,0.266550971,70
291,1318.jpg,0.991924898,0.958056179,0.260699006,0.974364255,0.742929131,0.986100211,2.007589872,55
292,1969.jpg,0.994644714,0.987035637,0.19209974,0.961240673,0.603125107,0.993311489,1.122039964,60
293,981.jpg,0.99621161,0.980018995,0.213656973,0.986270067,0.803980878,0.993480147,2.606095978,70
294,597.jpg,0.999257925,0.998523243,0.149762976,0.997060803,0.935318172,0.999174563,1.973519814,60
295,2017.jpg,0.994470437,0.96659147,0.244413596,0.979117948,0.781889783,0.989986994,1.88607794,60
296,2171.jpg,0.998816581,0.991435082,0.164184768,0.99573052,0.945084051,0.998528704,4.400953302,40
297,2010.jpg,0.994804976,0.97052385,0.216866059,0.980023125,0.532033324,0.991943688,3.448326553,70
298,951.jpg,0.995915528,0.989050947,0.209567632,0.989989803,0.843772576,0.991330669,0.81677114,60
299,912.jpg,0.996009453,0.989927876,0.195758724,0.99439492,0.879214857,0.994574588,1.287185641,60
300,119.jpg,0.995819769,0.990864791,0.181718624,0.99594798,0.757123974,0.993856329,0.988860206,70
301,1234.jpg,0.990828226,0.952822551,0.2681856,0.972815506,0.629124052,0.984721165,4.601475551,60
302,497.jpg,0.998027127,0.994238701,0.172789046,0.997155325,0.814252689,0.998423794,7.581424016,60
303,4.jpg,0.997946502,0.983196879,0.185343394,0.99396986,0.877036928,0.997856161,1.37417612,60
304,1139.jpg,0.985271092,0.924750999,0.294085481,0.961213597,0.543056366,0.978297813,6.012083028,70
305,432.jpg,0.9931402,0.979612431,0.23005299,0.987084512,0.79663069,0.98883566,1.938309243,60
306,550.jpg,0.997265545,0.988920814,0.188971357,0.993003765,0.846892372,0.994743596,0.808854153,70
307,1972.jpg,0.995222822,0.986107348,0.193938875,0.981200079,0.667509707,0.993356035,1.300363929,70
308,1450.jpg,0.988404467,0.921242283,0.294905223,0.953585137,0.58559182,0.975481691,3.736060642,60
309,1749.jpg,0.991863673,0.937806376,0.269612292,0.969395718,0.666883843,0.984994707,3.809545492,70
310,1596.jpg,0.999173726,0.996474302,0.157695922,0.997100216,0.916412238,0.998493549,0.459366151,60
311,204.jpg,0.995116634,0.983966986,0.214087841,0.987789629,0.817204692,0.993410352,1.733204337,70
312,2080.jpg,0.99187607,0.982117601,0.23851554,0.977563797,0.567594048,0.988160831,4.337744196,60
313,1981.jpg,0.993707002,0.969707634,0.211023688,0.981173132,0.462971488,0.990098489,3.142048149,70
314,997.jpg,0.994863296,0.941749796,0.244526289,0.976146035,0.789849946,0.990382805,2.426177298,60
315,965.jpg,0.992750772,0.962376022,0.239474353,0.982582672,0.768959748,0.990361079,3.68211661,60
316,1017.jpg,0.994406446,0.951587154,0.232647334,0.976380714,0.706667811,0.98997436,2.885127008,60
317,2236.jpg,0.993196499,0.960782531,0.256538882,0.973605984,0.775976392,0.988149985,2.739809297,65
318,418.jpg,0.998814001,0.993708022,0.163700872,0.99592324,0.90204506,0.998250321,0.478788561,60
319,1580.jpg,0.989588876,0.933492037,0.282788062,0.962759985,0.495798608,0.983227262,3.299303734,65
320,504.jpg,0.995370543,0.988784936,0.207454617,0.992701365,0.822669615,0.992433336,1.150415477,60
321,2188.jpg,0.997158605,0.988890329,0.201207219,0.991160497,0.805084505,0.995657043,1.970500649,60
322,1429.jpg,0.999419561,0.999119161,0.133365067,0.999267253,0.951866674,0.999683176,0.420951881,70
323,1951.jpg,0.995883486,0.980026648,0.203523401,0.984551405,0.803800003,0.992905346,1.261862418,70
324,1004.jpg,0.998562855,0.99124546,0.165357027,0.995928992,0.884302207,0.998096886,3.165368749,55
325,881.jpg,0.997246121,0.992168419,0.193932763,0.99306847,0.868262547,0.995449083,1.443812632,70
326,1668.jpg,0.993758118,0.972792244,0.233708381,0.985019335,0.7403993,0.993173237,3.067949076,70
327,766.jpg,0.996845038,0.985686665,0.200351708,0.989124602,0.849311498,0.995677641,1.529735291,60
328,1016.jpg,0.995806834,0.976068796,0.219215841,0.984606116,0.82289345,0.992590406,1.918632702,60
329,2102.jpg,0.996735539,0.991163292,0.221736255,0.985849115,0.743250694,0.993610644,0.902420306,60
330,615.jpg,0.99206657,0.972310886,0.236025007,0.988643867,0.702012594,0.989578987,0.247467104,60
331,443.jpg,0.995618258,0.971068798,0.212205251,0.988000287,0.680845635,0.993510822,1.802059278,85
332,1796.jpg,0.998101981,0.987317341,0.180696701,0.99339342,0.892031994,0.997232784,3.905676199,60
333,682.jpg,0.994766574,0.982096463,0.21540913,0.991759239,0.732109381,0.991608245,2.167896354,60
334,191.jpg,0.996041315,0.992054449,0.191973005,0.995822348,0.800653535,0.994727328,1.16583023,60
335,1237.jpg,0.99305477,0.970009925,0.25133113,0.976614148,0.729522243,0.988594527,4.335581204,75
336,1267.jpg,0.997728114,0.98079108,0.195608141,0.991205469,0.851359838,0.996013294,1.359632963,60
337,1279.jpg,0.986562987,0.929540197,0.303528353,0.954364304,0.640841389,0.975960126,2.43489682,70
338,1272.jpg,0.992569559,0.939273797,0.261291669,0.968425492,0.634028368,0.983753532,1.967859306,70
339,666.jpg,0.99618615,0.991491304,0.188279067,0.994894269,0.853953043,0.994707773,1.179966488,65
340,2076.jpg,0.995147015,0.98683867,0.207489518,0.961967772,0.691045398,0.990528166,2.91153273,70
341,357.jpg,0.998122445,0.993273635,0.168037615,0.997836176,0.919003267,0.99701331,0.645111386,55
342,1815.jpg,0.997862684,0.978478122,0.195012555,0.991788149,0.826548924,0.996643714,3.281020563,55
343,982.jpg,0.995265102,0.963242616,0.232594211,0.984152894,0.79099832,0.99260347,2.84770144,70
344,1878.jpg,0.999065357,0.996093801,0.152285949,0.997373286,0.913155244,0.998731852,2.001153811,80
345,217.jpg,0.995903818,0.988447564,0.200289535,0.994167651,0.82023118,0.99193505,0.783227824,60
346,154.jpg,0.998114912,0.995793968,0.161299813,0.997742889,0.899397811,0.997816637,0.610710815,70
347,640.jpg,0.999968447,0.99992952,0.056623396,0.999946404,0.997982889,0.999942747,0.600083703,50
348,195.jpg,0.996079791,0.991650192,0.193277141,0.99501788,0.773949397,0.993794244,1.326732768,60
349,1438.jpg,0.98328057,0.907681831,0.319910505,0.946345292,0.558271353,0.975802726,5.04881204,50
350,1638.jpg,0.999901865,0.999729805,0.093917176,0.999751637,0.967992173,0.99972029,0.043909287,80
351,1952.jpg,0.995109225,0.955758664,0.235310525,0.980513111,0.787191509,0.990855793,2.745085793,70
352,978.jpg,0.996402435,0.98513917,0.202192702,0.989248521,0.810431429,0.994524326,1.225398401,60
353,1180.jpg,0.98865363,0.94642339,0.286223758,0.963870573,0.658787668,0.982254913,2.375780558,60
354,201.jpg,0.994830802,0.97687437,0.216601262,0.986764891,0.642838251,0.991310374,2.210277389,65
355,1924.jpg,0.989755914,0.939358272,0.307873938,0.952096528,0.646579432,0.978580728,2.371210623,50
356,106.jpg,0.997615727,0.992102404,0.18761659,0.992864007,0.89729148,0.995284566,0.993918913,70
357,2140.jpg,0.990676626,0.949724651,0.274202011,0.973267245,0.675587139,0.986942425,4.249115178,60
358,918.jpg,0.998814001,0.993708022,0.163700872,0.99592324,0.90204506,0.998250321,0.478788561,60
359,1399.jpg,0.995641238,0.976919496,0.228718499,0.979316887,0.807045246,0.989883835,1.445342522,60
360,520.jpg,0.995420812,0.97883261,0.210199314,0.991172884,0.756834947,0.993526608,2.02097351,60
361,1649.jpg,0.993852232,0.96127263,0.259665,0.97307791,0.677184237,0.987835458,5.276640995,50
362,73.jpg,0.995255976,0.989236402,0.216309145,0.99139731,0.759547036,0.992408208,1.014503871,60
363,1391.jpg,0.997657098,0.978847342,0.197993819,0.990769564,0.837978464,0.996372699,1.421596683,60
364,263.jpg,0.99611125,0.981212593,0.213010047,0.990761404,0.825462373,0.995420355,2.100819043,60
365,1727.jpg,0.992288291,0.948919934,0.260644656,0.969183774,0.657603726,0.984978735,4.389337221,60
366,1067.jpg,0.995787647,0.979640764,0.241001399,0.983239882,0.732098089,0.988422056,2.704817744,70
367,521.jpg,0.996369638,0.98285042,0.203015375,0.991661997,0.746652781,0.993040368,1.640120008,65
368,346.jpg,0.992561873,0.976655845,0.242135319,0.988542353,0.735224041,0.989631916,1.550922453,65
369,1458.jpg,0.989964037,0.937983615,0.271748679,0.964998591,0.599188151,0.980848208,4.377258688,70
370,14.jpg,0.996668926,0.984901551,0.207153155,0.989812301,0.847877337,0.996081753,1.804866015,60
371,1663.jpg,0.987775665,0.943619284,0.274348791,0.973213811,0.642940296,0.987178944,6.226145419,60
372,338.jpg,0.997442477,0.993976274,0.184494507,0.9956014,0.81767279,0.995844335,1.697185442,70
373,231.jpg,0.993353037,0.982506778,0.20953552,0.994417778,0.638388236,0.988202504,0.830511465,60
374,1419.jpg,0.989380125,0.921582852,0.283293457,0.963711167,0.574003594,0.981693957,3.887192951,60
375,1361.jpg,0.99177944,0.947702266,0.259132584,0.975623954,0.667532054,0.983970965,2.603892131,70
376,1049.jpg,0.991377647,0.975158152,0.277220752,0.967975688,0.76767275,0.982223894,0.314372464,55
377,1468.jpg,0.998709459,0.987184752,0.173491209,0.995357522,0.913526439,0.999097438,0.643265745,60
378,71.jpg,0.997134401,0.993229225,0.192957488,0.994362119,0.824839941,0.994721843,0.96797607,70
379,1996.jpg,0.99368876,0.975167223,0.225506184,0.983663433,0.83328366,0.991708254,1.506578985,60
380,669.jpg,0.998227576,0.993010538,0.161734507,0.997223717,0.869717168,0.99722473,0.711145429,70
381,582.jpg,0.996891611,0.993582641,0.181735465,0.993450503,0.846862511,0.994675139,0.746152958,70
382,2094.jpg,0.999049002,0.985044757,0.167024637,0.994191312,0.960636844,0.998621989,3.862857675,50
383,87.jpg,0.999257925,0.998523243,0.149762976,0.997060803,0.935318172,0.999174563,1.973519814,60
384,1245.jpg,0.993083321,0.965776646,0.249791698,0.975288114,0.672167726,0.988173664,2.189172158,60
385,1848.jpg,0.999496708,0.997362487,0.13742096,0.998521967,0.96148335,0.999371092,1.289169424,70
386,1578.jpg,0.989550402,0.917382556,0.283163003,0.959795517,0.523610781,0.981014027,5.548989076,70
387,839.jpg,0.996806902,0.989342282,0.204737397,0.988858089,0.851441128,0.994610438,1.588168868,70
388,608.jpg,0.996518317,0.992069822,0.196490395,0.993625671,0.907918918,0.995142104,0.94759551,70
389,1108.jpg,0.999475652,0.994591065,0.138121241,0.995735484,0.964803,0.99931178,0.127418257,60
390,739.jpg,0.995980578,0.966276798,0.228490013,0.986716544,0.818973826,0.993920634,2.413787733,80
391,258.jpg,0.997541393,0.993540593,0.188500844,0.995343748,0.792501683,0.997306389,2.047808241,70
392,160.jpg,0.998543372,0.993543466,0.160860767,0.996538493,0.927603016,0.997995916,0.700270761,70
393,2144.jpg,0.980798372,0.967083207,0.278154596,0.974710238,0.571248126,0.986340383,8.245497222,60
394,430.jpg,0.995780065,0.990581375,0.187655934,0.996771711,0.764530478,0.994120008,1.032487656,60
395,1910.jpg,0.995504774,0.98639132,0.2148443,0.990808572,0.761779341,0.987959252,0.817922237,70
396,2132.jpg,0.980798372,0.967083207,0.278154596,0.974710238,0.571248126,0.986340383,8.245497222,60
397,126.jpg,0.996440323,0.995648038,0.178076582,0.998027771,0.82740869,0.995600803,1.013497008,60
398,704.jpg,0.994026816,0.98182995,0.231251509,0.982507479,0.783226663,0.987965809,1.392034285,60
399,824.jpg,0.995161144,0.987623576,0.202526551,0.992627834,0.407618173,0.993060177,0.113496291,60
400,1942.jpg,0.993127605,0.964163916,0.234973809,0.979797095,0.651952969,0.99080594,2.681635927,60
401,1383.jpg,0.987898531,0.907286565,0.287570123,0.962520546,0.690813209,0.98448936,4.321317572,70
402,888.jpg,0.993091684,0.988835925,0.218208009,0.991870047,0.778173084,0.990720055,1.805887906,60
403,606.jpg,0.98605705,0.912430239,0.290283492,0.959292021,0.669640636,0.974505185,2.176123654,65
404,842.jpg,0.997038669,0.992957023,0.200346948,0.992793699,0.735816992,0.995311525,2.601586273,70
405,117.jpg,0.995692844,0.987750999,0.19540182,0.994789191,0.713029608,0.993069858,1.639026068,70
406,2050.jpg,0.994755714,0.982617468,0.199186128,0.978847676,0.526961948,0.993274554,1.525202137,60
407,880.jpg,0.992937207,0.974554679,0.239832457,0.987637932,0.72758771,0.987830971,0.970117531,60
408,1911.jpg,0.998021008,0.992771625,0.187835163,0.992974603,0.900362215,0.996297866,0.547592355,60
409,1191.jpg,0.996841582,0.972782099,0.220099847,0.979852415,0.693973725,0.989205984,1.297201544,60
410,344.jpg,0.989165973,0.965397453,0.244216912,0.989608533,0.723341432,0.989019956,0.873919366,65
411,1648.jpg,0.986832413,0.941372879,0.297640764,0.959843325,0.618844188,0.9798416,5.701419821,60
412,2000.jpg,0.9936809,0.955949658,0.241507589,0.974097615,0.638665233,0.988095751,3.715924128,60
413,2046.jpg,0.993873443,0.960457253,0.241828849,0.980378912,0.742915896,0.987794852,1.819454072,65
414,1626.jpg,0.991216661,0.971420524,0.268985861,0.974660425,0.594937218,0.987456276,3.222863005,60
415,367.jpg,0.994908428,0.971738868,0.241921257,0.983232845,0.81240828,0.991938197,1.521098931,60
416,241.jpg,0.995696749,0.986671831,0.202161109,0.991797809,0.822458253,0.994648692,0.967704309,65
417,305.jpg,0.994423475,0.969867488,0.240608714,0.974547689,0.604280221,0.984155977,1.547516083,60
418,539.jpg,0.994640009,0.969739969,0.217570799,0.987228772,0.694829252,0.992051223,2.698258656,65
419,1890.jpg,0.996508261,0.969032607,0.243080308,0.976579371,0.826740461,0.985627615,2.018019821,65
420,1244.jpg,0.986692839,0.929356168,0.290698869,0.952147019,0.355208306,0.976047521,3.60259357,60
421,1708.jpg,0.99382252,0.986384786,0.21800739,0.974512703,0.62685049,0.98956962,1.256077888,50
422,2138.jpg,0.985287932,0.969853011,0.270438471,0.975708682,0.578174019,0.987471395,6.037219635,70
423,2090.jpg,0.995886957,0.992564099,0.180431175,0.96936415,0.656041048,0.992442315,1.898106172,70
424,337.jpg,0.997057752,0.994600147,0.176772074,0.99642676,0.819578818,0.993534981,0.561685107,70
425,809.jpg,0.996919967,0.991038991,0.195669141,0.991734955,0.755769231,0.994175764,1.520491886,70
426,1425.jpg,0.987131327,0.95272816,0.281047117,0.971163158,0.614980246,0.983948708,4.983226484,60
427,2128.jpg,0.979083814,0.880213636,0.342768835,0.933660467,0.489071108,0.964702962,3.755148757,40
428,1791.jpg,0.999683575,0.996794329,0.122508348,0.998620479,0.98413614,0.999454666,0.360675843,40
429,917.jpg,0.996463298,0.989764737,0.19481766,0.99139666,0.826879649,0.995344524,0.830038035,70
430,995.jpg,0.993093569,0.934951517,0.259407124,0.970392935,0.763381989,0.987231153,2.792956837,50
431,371.jpg,0.99108378,0.9597153,0.253176893,0.982835591,0.783529645,0.991149356,1.212825407,60
432,1059.jpg,0.988399018,0.95254264,0.300141996,0.957615962,0.704967723,0.977438813,2.790841463,50
433,35.jpg,0.995302469,0.979408722,0.221431889,0.988724024,0.806455802,0.991276828,1.412768254,60
434,1645.jpg,0.998944299,0.989585835,0.158570598,0.995087445,0.900553343,0.998546819,1.517744033,30
435,1489.jpg,0.985435058,0.915020044,0.301602821,0.950931759,0.5796548,0.977258497,4.21999969,55
436,1944.jpg,0.99524504,0.982913004,0.198283414,0.985099837,0.745009829,0.99177472,1.419474232,70
437,889.jpg,0.994157342,0.99081012,0.210523455,0.994109433,0.810805612,0.991704115,1.344371689,60
438,1677.jpg,0.998097821,0.994378137,0.175910857,0.994319098,0.870286495,0.99694382,2.372364092,50
439,1931.jpg,0.991661277,0.988539662,0.220913398,0.944046047,0.65405307,0.992073358,1.132853076,60
440,1184.jpg,0.99499845,0.969829984,0.216059136,0.983967945,0.550954574,0.991781084,5.476335095,70
441,551.jpg,0.993347426,0.954676295,0.239144342,0.982586139,0.852993339,0.994958484,1.894879935,65
442,2042.jpg,0.995430627,0.960269721,0.232014389,0.980231306,0.751661723,0.991201028,2.4167951,70
443,1491.jpg,0.990125661,0.935452767,0.276857502,0.969087962,0.661968863,0.985757281,4.043809658,60
444,1769.jpg,0.993896735,0.972701057,0.242708905,0.977649131,0.820714398,0.987203422,1.71515561,50
445,1294.jpg,0.984145773,0.903572703,0.312290032,0.933780936,0.349454917,0.971677689,1.959621754,55
446,1470.jpg,0.987838,0.926730577,0.292556086,0.955220824,0.39559265,0.97661561,4.455391331,60
447,1897.jpg,0.995794334,0.968867555,0.266286476,0.98101771,0.914868033,0.993051792,1.427854849,95
448,2075.jpg,0.994684457,0.989635733,0.211611546,0.972985057,0.838065902,0.993318147,1.196639844,65
449,428.jpg,0.995566579,0.991055668,0.189188119,0.996466301,0.751426492,0.993490574,1.190027664,60
450,1155.jpg,0.992463704,0.952462431,0.282233947,0.962942831,0.762749844,0.982211027,2.504461467,65
451,1406.jpg,0.995020833,0.965480541,0.255001487,0.970714502,0.740926347,0.9847507,1.774410784,70
452,494.jpg,0.999261498,0.994925572,0.146696888,0.997784281,0.955837812,0.999038875,1.917516406,60
453,1347.jpg,0.995332992,0.964013267,0.243733341,0.975142773,0.757511452,0.988374237,1.367120139,60
454,720.jpg,0.9948812,0.986124775,0.201800238,0.994145551,0.801561828,0.99226324,1.015734719,60
455,2170.jpg,0.993352958,0.964189358,0.255190261,0.979262832,0.702532786,0.990339751,3.394284814,80
456,612.jpg,0.992029354,0.978444441,0.231678639,0.990737984,0.802946296,0.992212131,1.026307317,60
457,36.jpg,0.991879325,0.986151066,0.237030907,0.986325595,0.639181658,0.98596787,2.177911664,60
458,30.jpg,0.997910562,0.994530537,0.171296588,0.996460111,0.861189179,0.996767149,1.075850868,60
459,884.jpg,0.994255722,0.985654166,0.218957415,0.993391499,0.760040491,0.992637126,1.59385687,60
460,169.jpg,0.998519837,0.989889546,0.17149599,0.99596621,0.872866523,0.997484508,0.930622355,65
461,1463.jpg,0.992456691,0.957846291,0.254869522,0.973058285,0.694299501,0.985233215,3.29941444,60
462,424.jpg,0.994766574,0.982096463,0.21540913,0.991759239,0.732109381,0.991608245,2.167896354,65
463,618.jpg,0.996059002,0.984861668,0.216203715,0.991141036,0.826195683,0.99016658,0.89025751,60
464,781.jpg,0.994874392,0.991655436,0.210601841,0.991948088,0.712860183,0.9924842,2.481883695,70
465,1818.jpg,0.998919907,0.992934314,0.16634184,0.996075116,0.919954646,0.99823054,1.998994821,60
466,645.jpg,0.995730548,0.996085783,0.178173261,0.997603525,0.775166852,0.99303303,0.8731247,60
467,941.jpg,0.993123397,0.978968764,0.237846867,0.978356982,0.788527048,0.987077864,1.351539131,60
468,339.jpg,0.992067342,0.957509577,0.262849538,0.980723712,0.718479302,0.986274076,0.129302028,50
469,352.jpg,0.993910481,0.977873925,0.230180434,0.99124825,0.742858782,0.988911126,0.479925891,65
470,1118.jpg,0.978309978,0.870609963,0.315678504,0.939789177,0.506152191,0.967327044,8.295095818,60
471,1997.jpg,0.994503136,0.983616423,0.209230373,0.981575263,0.806024123,0.993995874,1.080533411,65
472,1971.jpg,0.992040061,0.982758085,0.219029925,0.982269539,0.593283072,0.99085034,2.573784525,60
473,2036.jpg,0.994002155,0.970899624,0.240519247,0.981104166,0.765307153,0.989983757,4.579702532,70
474,1388.jpg,0.997206939,0.968443286,0.205918897,0.988443583,0.838995728,0.994984366,1.198775241,50
475,2131.jpg,0.991162364,0.950394471,0.274661834,0.969717428,0.63522399,0.985959934,4.512036552,60
476,1867.jpg,0.998046309,0.994347526,0.186580571,0.994139435,0.924563525,0.997484804,0.46893805,60
477,53.jpg,0.999626909,0.999571902,0.112127441,0.999613922,0.936765696,0.999450039,0.851104293,70
478,620.jpg,0.994148645,0.985452111,0.206053412,0.995097407,0.730248444,0.993105482,2.101339256,60
479,32.jpg,0.994640009,0.969739969,0.217570799,0.987228772,0.694829252,0.992051223,2.698258656,60
480,502.jpg,0.998412171,0.988496341,0.173405732,0.995082338,0.930569963,0.998159289,2.093436299,50
481,933.jpg,0.996079791,0.991650192,0.193277141,0.99501788,0.773949397,0.993794244,1.326732768,60
482,1471.jpg,0.988089302,0.913993768,0.298096513,0.94996198,0.597194986,0.974977587,3.528812386,60
483,1172.jpg,0.994373615,0.963879711,0.251941338,0.977032314,0.754317259,0.987612305,2.83726189,60
484,1701.jpg,0.997174691,0.990306847,0.206717907,0.992656658,0.901219067,0.996779356,0.807032168,70
485,1232.jpg,0.997269027,0.984334889,0.193084568,0.9916225,0.732343801,0.995680185,2.891411051,60
486,139.jpg,0.995985988,0.99434648,0.172673363,0.997835547,0.685112055,0.994014104,0.948857862,60
487,163.jpg,0.998765456,0.994264995,0.167373703,0.996181119,0.928104882,0.996853674,0.501333688,60
488,1954.jpg,0.994005606,0.963286266,0.233968008,0.979047342,0.788446577,0.989788393,2.355519436,65
489,449.jpg,0.993123397,0.978968764,0.237846867,0.978356982,0.788527048,0.987077864,1.351539131,60
490,687.jpg,0.996244229,0.99251922,0.192106086,0.996282301,0.820503847,0.993797267,1.004975831,60
491,2087.jpg,0.991443054,0.93973273,0.275454539,0.969031631,0.714027124,0.985200483,3.386766263,55
492,1031.jpg,0.993278922,0.945989663,0.244960025,0.971130188,0.678714188,0.988063733,2.984083871,50
493,1185.jpg,0.980534602,0.911302708,0.313563345,0.944284156,0.494407544,0.972606352,3.548337496,60
494,578.jpg,0.996956988,0.992480031,0.184115861,0.995866086,0.855265567,0.995519575,1.378553821,70
495,1762.jpg,0.984896218,0.910611117,0.293747867,0.958576527,0.521782572,0.979482337,5.095573057,65
496,1809.jpg,0.99798384,0.987117731,0.1811944,0.994741992,0.838396792,0.997260919,5.737515227,50
497,1327.jpg,0.998742059,0.989903096,0.171807741,0.995969525,0.926380194,0.998186986,0.638357474,60
498,1230.jpg,0.99132537,0.947893553,0.272064121,0.96541608,0.600319724,0.983514094,4.485777915,60
499,463.jpg,0.995148079,0.989017237,0.181806553,0.997378457,0.760322194,0.992506756,0.626630102,65
500,274.jpg,0.997910562,0.994530537,0.171296588,0.996460111,0.861189179,0.996767149,1.075850868,60
501,1264.jpg,0.9962339,0.963538199,0.251917363,0.974581749,0.70256168,0.985786165,2.115319645,60
502,34.jpg,0.993260648,0.984588423,0.220276498,0.993079385,0.775108748,0.987309564,0.0669769,60
503,962.jpg,0.998181443,0.992531728,0.178890399,0.994573035,0.849205525,0.99690531,0.564900121,60
504,806.jpg,0.994606061,0.985012878,0.211096411,0.98950869,0.821722862,0.98984476,0.799014335,60
505,2068.jpg,0.9945065,0.986203867,0.209676389,0.983067518,0.712877627,0.992035373,1.569146052,60
506,1293.jpg,0.995273317,0.964660832,0.223716233,0.984998481,0.761818026,0.993474907,3.119737906,60
507,1916.jpg,0.996831388,0.98727625,0.200534859,0.994568251,0.783714299,0.997381236,0.571010608,50
508,1540.jpg,0.977653863,0.880787055,0.331796562,0.939428194,0.427736149,0.966223807,4.40668479,55
509,293.jpg,0.990651997,0.987753114,0.210530552,0.993508253,0.722945282,0.987643614,0.273639135,60
510,1.jpg,0.998114673,0.982582566,0.180477074,0.994748598,0.81802269,0.997846912,1.715424038,60
511,1288.jpg,0.995521781,0.97505218,0.221802213,0.985619511,0.803110214,0.99202191,0.894464422,60
512,1270.jpg,0.991430048,0.967616766,0.270321496,0.975376059,0.720113431,0.9847041,1.283766869,60
513,1013.jpg,0.991252572,0.954945392,0.259718585,0.971709174,0.692263617,0.984944783,2.22149698,50
514,1439.jpg,0.990315773,0.943581842,0.280986339,0.965716161,0.615731386,0.982589763,5.032579022,70
515,219.jpg,0.996063531,0.991937861,0.195161449,0.994731093,0.839342213,0.993985588,0.953141685,60
516,2205.jpg,0.992511409,0.967133727,0.257523267,0.981995515,0.768127292,0.991305263,8.039441037,50
517,1553.jpg,0.989615194,0.944445669,0.294489313,0.95392461,0.562609253,0.976153375,4.690249583,50
518,450.jpg,0.994132371,0.983019287,0.231229593,0.984632545,0.771237718,0.990813087,1.450655915,60
519,586.jpg,0.996650613,0.991088008,0.198709273,0.991835169,0.81750062,0.996036316,1.274358566,70
520,1210.jpg,0.988932546,0.92369564,0.29773962,0.952186878,0.576342266,0.977273475,4.04126975,70
521,1153.jpg,0.988969255,0.92946434,0.296652737,0.945800833,0.517873594,0.973022499,3.579429095,75
522,406.jpg,0.99760332,0.992793658,0.180658238,0.997915752,0.733299078,0.995823057,1.073935912,60
523,630.jpg,0.997728495,0.994708377,0.165271025,0.997504822,0.773181887,0.995222795,0.507333336,60
524,425.jpg,0.994638987,0.983776507,0.216879994,0.991105703,0.729385508,0.991012971,1.998648232,60
525,1101.jpg,0.977208969,0.850244352,0.326156368,0.935930927,0.552940074,0.967342032,7.714286252,55
526,2098.jpg,0.999424653,0.999456448,0.11843829,0.999281087,0.954010768,0.999182849,2.106402245,60
527,1562.jpg,0.990302224,0.922329129,0.291003541,0.953162316,0.415007367,0.972733057,2.499251706,70
528,1933.jpg,0.994178,0.98812795,0.192935137,0.934777,0.599311689,0.992271905,1.171118652,60
529,2208.jpg,0.9920522,0.953112558,0.255826724,0.974135766,0.762536011,0.988522844,3.451116028,55
530,1403.jpg,0.992150607,0.942897228,0.266778598,0.976597789,0.651871603,0.988126599,4.246624135,80
531,1385.jpg,0.988615801,0.93812113,0.276791833,0.967476829,0.523921041,0.983183654,6.812676749,60
532,2057.jpg,0.995476053,0.969145523,0.224241964,0.980651565,0.75357637,0.990117801,1.775494633,70
533,1478.jpg,0.998999711,0.988918669,0.168315201,0.995191599,0.935355553,0.998977964,0.395486438,60
534,1286.jpg,0.999378956,0.993816958,0.153004104,0.996415984,0.961573155,0.99926097,0.242246995,60
535,254.jpg,0.985095538,0.922546127,0.293279516,0.956833716,0.575405167,0.978058715,1.481404918,50
536,2025.jpg,0.992585395,0.937258933,0.252819546,0.975592822,0.7329178,0.989245429,4.071949271,60
537,1756.jpg,0.986090555,0.943781321,0.281430948,0.96539903,0.664421249,0.978317238,1.079451709,60
538,715.jpg,0.996286239,0.99512527,0.171201622,0.99713768,0.740175381,0.99246697,1.073797485,60
539,915.jpg,0.998765456,0.994264995,0.167373703,0.996181119,0.928104882,0.996853674,0.501333688,60
540,1917.jpg,0.99151432,0.969488506,0.254268864,0.978503815,0.651233918,0.988907951,4.548770461,60
541,601.jpg,0.993590202,0.98092064,0.226666334,0.992249128,0.697595573,0.9876746,0.477842931,60
542,184.jpg,0.995780065,0.990581375,0.187655934,0.996771711,0.764530478,0.994120008,1.032487656,60
543,1576.jpg,0.999335483,0.993110206,0.139819387,0.997551989,0.967056432,0.999210094,0.227280444,60
544,1336.jpg,0.982327228,0.894337793,0.306545456,0.948806038,0.41028117,0.972691354,3.436934545,60
545,1775.jpg,0.9920794,0.973603667,0.229993524,0.978582408,0.560404223,0.987532149,1.41162304,60
546,1883.jpg,0.976473412,0.883510896,0.335344989,0.93863025,0.403075414,0.966816515,8.603192137,55
547,584.jpg,0.995963744,0.992308074,0.201892351,0.994374483,0.798624327,0.994555204,1.679470831,70
548,1332.jpg,0.990746525,0.94499477,0.26620789,0.968145653,0.585393988,0.983605959,4.105917259,60
549,1743.jpg,0.996548834,0.981759324,0.223602958,0.990111428,0.854447325,0.996223941,2.055951133,90
550,1432.jpg,0.994244478,0.972343525,0.247290533,0.980137334,0.811371335,0.990272711,2.592397258,60
551,1507.jpg,0.996342627,0.977574266,0.208985297,0.986629924,0.792959986,0.994715786,1.725199276,60
552,1018.jpg,0.985095538,0.922546127,0.293279516,0.956833716,0.575405167,0.978058715,1.481404918,50
553,1851.jpg,0.999415076,0.996437526,0.134862249,0.998253956,0.944250668,0.999203582,2.178398568,70
554,899.jpg,0.996421479,0.984274909,0.195222534,0.992005204,0.871001737,0.995997984,1.069688405,60
555,319.jpg,0.992225202,0.985013249,0.223666663,0.990612879,0.754314281,0.990121964,1.060533544,60
556,275.jpg,0.996420017,0.983441362,0.203562981,0.988242605,0.783615821,0.992773548,1.117746409,70
557,1550.jpg,0.993272868,0.959599766,0.255808347,0.973104608,0.686916293,0.985693617,2.036189375,60
558,868.jpg,0.997528112,0.992530483,0.189680822,0.995865713,0.839025666,0.995920584,1.475998203,70
559,1537.jpg,0.992589896,0.949798016,0.247943568,0.976343573,0.687465869,0.989511385,4.648828172,60
560,44.jpg,0.99696603,0.993096734,0.187166788,0.995078034,0.76065734,0.994949849,0.941908875,70
561,455.jpg,0.993640817,0.981806468,0.224443759,0.987773177,0.769096811,0.99216568,1.45340089,60
562,1170.jpg,0.991006843,0.956906397,0.276798384,0.970243627,0.81029495,0.984369834,2.721145766,85
563,321.jpg,0.990260261,0.968257594,0.247091506,0.980866253,0.750764525,0.988887075,1.741367114,65
564,738.jpg,0.995991951,0.988194158,0.21377778,0.990585634,0.84827547,0.993716273,1.387705475,60
565,461.jpg,0.995068364,0.990820932,0.199825393,0.993296564,0.832392775,0.993367827,1.27756702,60
566,866.jpg,0.996420027,0.982751918,0.215372496,0.986600209,0.729661435,0.995315596,3.487955384,70
567,540.jpg,0.996204305,0.978050101,0.199926824,0.992402447,0.863502165,0.995027835,1.296590899,80
568,2108.jpg,0.991912238,0.95649552,0.26810909,0.972972754,0.656238766,0.98723695,3.318476827,60
569,1746.jpg,0.993943743,0.966694217,0.246523833,0.979854374,0.774678468,0.990781912,2.847151008,80
570,527.jpg,0.995860599,0.992371196,0.187519611,0.996286289,0.833806761,0.993926772,0.951194251,70
571,859.jpg,0.997367875,0.994005037,0.186937547,0.996405115,0.810454697,0.994910674,1.080505229,70
572,118.jpg,0.995565017,0.989618257,0.186763725,0.995445429,0.760896487,0.992755838,1.110545383,70
573,1104.jpg,0.993827968,0.966661191,0.227970801,0.986242922,0.760703059,0.993927789,4.704236075,60
574,1729.jpg,0.992239893,0.94226766,0.267325037,0.967393361,0.784027007,0.985355027,2.276627059,65
575,1473.jpg,0.993837865,0.976251952,0.227132458,0.984091145,0.597054031,0.990194492,2.935581676,60
576,1363.jpg,0.983622128,0.863944612,0.318194979,0.941542955,0.434768886,0.971646843,6.986394369,60
577,291.jpg,0.995614687,0.981995817,0.231136149,0.98522579,0.824027582,0.989498113,0.859963625,60
578,411.jpg,0.99753473,0.995837704,0.155953127,0.999090908,0.875211318,0.997502584,0.358508235,70
579,327.jpg,0.997459006,0.987036042,0.20697185,0.989421889,0.882915344,0.995212402,1.066889733,70
580,879.jpg,0.987994006,0.925835897,0.278962786,0.975459917,0.396615078,0.985637841,0.357825802,60
581,1555.jpg,0.988445391,0.934161784,0.292676785,0.957150481,0.679279258,0.977733478,3.540869384,70
582,1096.jpg,0.992727871,0.96934404,0.25174577,0.981156292,0.751433719,0.990630902,4.049942691,60
583,1575.jpg,0.991739006,0.956946004,0.263900862,0.968721571,0.56983675,0.98550658,3.53944,60
584,1238.jpg,0.9929306,0.960104788,0.257135512,0.974706839,0.764339449,0.985594205,3.166113351,60
585,1157.jpg,0.99231338,0.957687129,0.274615697,0.968687007,0.650945335,0.98429068,1.956473044,60
586,1396.jpg,0.9922796,0.946696315,0.272063015,0.959678737,0.588299846,0.979053421,2.533017207,60
587,1214.jpg,0.991907328,0.94305071,0.266877231,0.966513967,0.643182904,0.983696257,2.328863118,60
588,2029.jpg,0.996268195,0.967267992,0.227251408,0.983836248,0.796162394,0.991213364,1.886113895,70
589,105.jpg,0.989276514,0.941032361,0.276912998,0.969949498,0.782415392,0.986124368,1.713809436,50
590,1068.jpg,0.998865132,0.990704346,0.166324291,0.996977054,0.835438541,0.997861416,0.878965657,60
591,1354.jpg,0.998862861,0.990117821,0.171069666,0.993618382,0.934552084,0.997605977,0.420040715,50
592,23.jpg,0.996096268,0.994098086,0.181585668,0.998137076,0.787368655,0.99501598,0.773659965,60
593,1366.jpg,1,1,0,1,1,1,0,100
594,2161.jpg,0.992959259,0.948035208,0.259673322,0.966295851,0.634587274,0.981135864,2.663721907,60
595,1753.jpg,0.988378654,0.921812684,0.277853907,0.967025124,0.576307428,0.981406412,6.501360218,70
596,1262.jpg,0.991118823,0.948209829,0.271627758,0.958963749,0.534850427,0.978195017,2.599960517,70
597,1389.jpg,0.993541919,0.983581148,0.230781815,0.978901633,0.592667918,0.990217391,2.768929995,60
598,2085.jpg,0.994307655,0.969415671,0.23611789,0.979544773,0.803909191,0.990867774,2.317133045,60
599,1874.jpg,0.98478652,0.943481728,0.316113531,0.955404421,0.396974015,0.972210502,9.034201267,70
600,1587.jpg,0.992143437,0.936917347,0.28386034,0.958751606,0.699322212,0.980008677,3.080689548,60
601,1805.jpg,0.998671303,0.991894613,0.172274217,0.995837054,0.890514777,0.998082337,3.096808166,60
602,2003.jpg,0.993903683,0.978008743,0.211133757,0.982332791,0.824551536,0.992044175,2.516377336,75
603,784.jpg,0.998256161,0.99305554,0.174195799,0.995146136,0.919249182,0.997353064,0.633488954,70
604,2141.jpg,0.991912238,0.95649552,0.26810909,0.972972754,0.656238766,0.98723695,3.318476827,60
605,759.jpg,0.996693149,0.985679652,0.190655077,0.992891034,0.87957885,0.994849089,1.191718924,60
606,1345.jpg,0.992316085,0.94774382,0.278698864,0.973854379,0.832101474,0.984539483,2.510039125,80
607,1304.jpg,0.998910734,0.992409924,0.162940063,0.995556296,0.934846813,0.998397014,0.54203014,60
608,414.jpg,0.999394022,0.99928409,0.114225001,0.99965155,0.932407229,0.999202991,0.667410624,60
609,1932.jpg,0.994831044,0.990551583,0.185068021,0.943465885,0.678044436,0.993347969,1.70847508,70
610,848.jpg,0.999278,0.998415904,0.12763553,0.999174878,0.948111886,0.998348687,0.216237304,60
611,768.jpg,0.996297441,0.977183891,0.206167612,0.989786799,0.811232759,0.992974223,1.779496651,60
612,122.jpg,0.997491708,0.995366466,0.163047113,0.997719094,0.80512596,0.995028303,0.499689136,60
613,1713.jpg,0.993603683,0.962953676,0.247671976,0.9759598,0.727002053,0.987542409,3.913542923,60
614,2183.jpg,0.999756929,0.999037788,0.111603663,0.999318021,0.983205383,0.999728011,0.863448871,60
615,316.jpg,0.992871089,0.984142459,0.229901531,0.98663868,0.536001591,0.986997251,0.07821469,60
616,205.jpg,0.994026816,0.98182995,0.231251509,0.982507479,0.783226663,0.987965809,1.392034285,60
617,171.jpg,0.998786201,0.993547155,0.162819792,0.99626193,0.877971727,0.997904763,0.435628977,60
618,730.jpg,0.996922807,0.987055608,0.184142992,0.99636042,0.634904252,0.993979455,1.085772412,60
619,1508.jpg,0.987872273,0.943136269,0.298695759,0.953180625,0.481312878,0.977331058,4.219040533,70
620,1124.jpg,0.996628346,0.982089612,0.209260039,0.988602044,0.789981696,0.994615286,1.336735334,60
621,2096.jpg,0.999608641,0.999783191,0.093016806,0.999750353,0.941087425,0.999297805,0.282230398,50
622,1667.jpg,0.995613284,0.966662157,0.248138309,0.986150459,0.815729184,0.992670104,3.246590581,70
623,1685.jpg,0.998970699,0.997611073,0.15889776,0.997225729,0.928029125,0.99885317,1.999986018,60
624,1100.jpg,0.993099387,0.970724394,0.251514798,0.9778921,0.661311802,0.989288057,4.170865272,70
625,830.jpg,0.996986714,0.992646188,0.190515735,0.995874842,0.820174912,0.995324979,1.087762107,70
626,1655.jpg,0.990522023,0.932655414,0.259197785,0.97594724,0.608011995,0.98738969,6.213758719,70
627,654.jpg,0.996996515,0.994964189,0.168056507,0.997916902,0.662700278,0.994316446,1.48276889,70
628,2134.jpg,0.996735539,0.991163292,0.221736255,0.985849115,0.743250694,0.993610644,0.902420306,60
629,168.jpg,0.998783211,0.994979897,0.162105598,0.996490653,0.915969552,0.997930584,0.648584294,60
630,347.jpg,0.998625342,0.993008765,0.169507732,0.997648525,0.847145471,0.997668878,3.392463033,60
631,2155.jpg,0.989088242,0.950300733,0.282462609,0.969428715,0.691769641,0.985999751,4.803566372,60
632,124.jpg,0.998608592,0.997205916,0.144218137,0.998828124,0.884814717,0.997907141,0.290607771,70
633,882.jpg,0.994071327,0.97728109,0.209410764,0.992517099,0.80394641,0.991297396,2.843076878,60
634,1527.jpg,0.998945797,0.990728631,0.163773199,0.996431398,0.948682602,0.998392794,0.47929229,60
635,2116.jpg,0.991162364,0.950394471,0.274661834,0.969717428,0.63522399,0.985959934,4.512036552,60
636,1783.jpg,0.996390249,0.981514337,0.21749503,0.983860004,0.83579836,0.992252558,1.444809032,70
637,1457.jpg,0.990923598,0.941591965,0.288446184,0.954386162,0.631211116,0.977347733,2.992433462,60
638,1469.jpg,0.988767422,0.925210415,0.28715363,0.956574668,0.610451427,0.979709963,3.31267135,60
639,1048.jpg,0.991505415,0.976476375,0.274507986,0.968955116,0.767929575,0.983367058,0.503948442,50
640,1728.jpg,0.991100843,0.938667186,0.253810489,0.978516281,0.877344306,0.991392569,1.391029016,70
641,271.jpg,0.997726724,0.992562618,0.173937209,0.993914184,0.889159517,0.997108237,1.059748277,60
642,1998.jpg,0.994764257,0.9875815,0.210809256,0.982480388,0.733161128,0.991482313,2.693874619,70
643,472.jpg,0.998283566,0.993198784,0.170779962,0.996818502,0.879256343,0.995560532,0.855750578,60
644,383.jpg,0.996450432,0.983284537,0.20853768,0.990803422,0.83557284,0.993446264,1.048883917,60
645,194.jpg,0.996079791,0.991650192,0.193277141,0.99501788,0.773949397,0.993794244,1.326732768,60
646,1908.jpg,0.989632459,0.940107106,0.280391384,0.959887458,0.614662935,0.979878872,3.094259711,65
647,2103.jpg,0.993352958,0.964189358,0.255190261,0.979262832,0.702532786,0.990339751,3.394284814,80
648,644.jpg,0.999986019,0.999982889,0.042523463,0.999990523,0.999705883,0.999987063,0.100766488,60
649,155.jpg,0.99618615,0.991491304,0.188279067,0.994894269,0.853953043,0.994707773,1.179966488,60
650,1297.jpg,0.97530091,0.852549918,0.327842758,0.937893859,0.250915971,0.96522989,5.206905596,60
651,1506.jpg,0.99373997,0.964360264,0.23638748,0.981455097,0.73448999,0.99032215,3.684621234,60
652,1831.jpg,0.998747949,0.993023865,0.165478595,0.996630081,0.897138999,0.998271391,2.603791083,60
653,1672.jpg,0.992596762,0.974777556,0.240925387,0.974747603,0.532098155,0.98480844,2.464990445,50
654,1696.jpg,0.993722034,0.968083344,0.245914086,0.97919694,0.815538063,0.988539491,2.525619444,60
655,1598.jpg,0.99938825,0.998294911,0.13832108,0.998461906,0.949013753,0.999346676,0.429884664,70
656,2101.jpg,0.998907417,0.990494109,0.169746124,0.995187127,0.936227376,0.998420793,3.65740193,50
657,725.jpg,0.992807654,0.966220971,0.241392524,0.984756852,0.761382568,0.986370569,1.632488327,60
658,559.jpg,0.997298822,0.99208914,0.182665811,0.994608593,0.76200282,0.995395279,1.790888135,70
659,1349.jpg,0.991352187,0.951451203,0.273957426,0.968328684,0.659927028,0.984488164,4.751247456,60
660,1405.jpg,0.992086726,0.954828852,0.261818857,0.970817207,0.753764842,0.986161537,2.996063702,70
661,591.jpg,0.997447136,0.991645207,0.189081012,0.994311963,0.797887257,0.994836444,0.940487676,70
662,1231.jpg,0.99132537,0.947893553,0.272064121,0.96541608,0.600319724,0.983514094,4.485777915,60
663,1847.jpg,0.999126402,0.993383672,0.161288525,0.996928161,0.921350596,0.998659774,2.229568109,60
664,1985.jpg,0.994062178,0.981400628,0.208358097,0.984672954,0.691972884,0.99168486,3.069565052,70
665,671.jpg,0.998765456,0.994264995,0.167373703,0.996181119,0.928104882,0.996853674,0.501333688,60
666,1643.jpg,0.999891866,0.999453103,0.110535373,0.999339287,0.981052347,0.999753179,0.16978539,70
667,1628.jpg,0.991922797,0.94831857,0.243409443,0.98249106,0.612475866,0.989576533,8.257477022,70
668,569.jpg,0.997111515,0.98858229,0.204404799,0.990948424,0.875906893,0.994990579,0.906456814,70
669,492.jpg,0.990416859,0.942089106,0.265367076,0.970036144,0.677202614,0.984018091,3.760331618,50
670,528.jpg,0.995488132,0.984892365,0.206531177,0.990454723,0.720470841,0.992468545,1.553535767,70
671,548.jpg,0.996762993,0.993254787,0.195325298,0.991752246,0.829357704,0.995716277,1.473328039,70
672,50.jpg,0.99793492,0.9947072,0.169786208,0.996094727,0.734586464,0.995887761,0.82062166,70
673,1394.jpg,0.991433082,0.938545436,0.267000344,0.966328359,0.543757558,0.983548846,3.881752858,60
674,1962.jpg,0.994772939,0.959357984,0.234692866,0.981595017,0.761411014,0.990850234,2.750050892,70
675,1481.jpg,0.995407462,0.976001116,0.228500842,0.974038333,0.746025733,0.989298946,1.499902069,60
676,802.jpg,0.997644753,0.992769893,0.184718703,0.994819228,0.862355647,0.995568423,1.081888135,80
677,625.jpg,0.995850658,0.9804149,0.21189171,0.990540546,0.783795717,0.992503117,1.273352994,65
678,1346.jpg,0.987634266,0.936454739,0.280255953,0.967405342,0.617660144,0.981897705,3.060524786,50
679,1219.jpg,0.991605466,0.922517066,0.277817046,0.970603847,0.513217727,0.983931311,3.29427257,70
680,979.jpg,0.997127058,0.990676051,0.178805684,0.994647445,0.849541217,0.996453527,0.708204233,70
681,1175.jpg,0.989459359,0.957979918,0.281572916,0.959593915,0.613563402,0.9790341,3.648418499,65
682,1007.jpg,0.997790457,0.993542761,0.177869011,0.994970291,0.71588866,0.995294975,1.053391652,70
683,1223.jpg,0.995515833,0.970165557,0.218303013,0.982515455,0.67070334,0.99086358,3.297471462,60
684,1516.jpg,0.996152857,0.979033493,0.229029355,0.990593037,0.834169959,0.994344973,0.794033171,90
685,302.jpg,0.997828115,0.990835319,0.190364365,0.992644076,0.905318752,0.995804883,0.889524945,70
686,2136.jpg,0.999409615,0.997389797,0.13958872,0.997991512,0.985735657,0.999370018,0.516742327,60
687,1113.jpg,0.995208599,0.966278776,0.244339791,0.97349497,0.804842586,0.989306568,1.06820408,60
688,1619.jpg,0.999461771,0.996198136,0.139453633,0.99831424,0.949551316,0.999196548,0.169112429,60
689,753.jpg,0.995370543,0.988784936,0.207454617,0.992701365,0.822669615,0.992433336,1.150415477,65
690,1956.jpg,0.995867375,0.970137865,0.225487075,0.983049995,0.769517899,0.991739557,3.022644337,70
691,384.jpg,0.995417469,0.979753038,0.210708838,0.988992896,0.780842138,0.992663421,1.725812987,70
692,1326.jpg,0.981915665,0.936051328,0.30627084,0.968331861,0.400617813,0.975977253,6.748637946,60
693,1548.jpg,0.993596158,0.967682288,0.230610088,0.984199207,0.648805749,0.991719497,5.913801776,70
694,2153.jpg,0.985769813,0.925169011,0.304973917,0.955852271,0.581451818,0.976946392,4.038710165,50
695,749.jpg,0.995173672,0.966352819,0.23118708,0.980116241,0.766415545,0.99052821,2.67069448,60
696,1574.jpg,0.991739665,0.950783187,0.266587497,0.970563703,0.775597863,0.986799588,2.875254154,60
697,1453.jpg,0.990511363,0.939168778,0.275363047,0.96066022,0.557241154,0.981139488,2.35472379,70
698,792.jpg,0.987206299,0.981851627,0.252897508,0.977506463,0.596255644,0.981277518,1.294256919,60
699,923.jpg,0.993013883,0.986301564,0.212896777,0.993620523,0.802691463,0.990444063,1.629826676,60
700,1331.jpg,0.990749709,0.938099721,0.275398961,0.969600094,0.808808418,0.982986548,2.76842333,60
701,1803.jpg,0.998773375,0.993487135,0.167114331,0.995718672,0.922038634,0.997956972,1.994308675,65
702,638.jpg,0.996368456,0.995283546,0.166027078,0.997835823,0.828030826,0.994656723,0.576549905,60
703,1008.jpg,0.999076911,0.999121667,0.11057428,0.99959424,0.874148172,0.998516484,0.115018243,50
704,333.jpg,0.99570238,0.992998093,0.196456666,0.996276985,0.857113928,0.994768403,1.220110387,70
705,1289.jpg,0.983286831,0.928585686,0.299222781,0.958221914,0.477034975,0.976762702,4.186035151,65
706,1652.jpg,0.99954716,0.994846024,0.132874537,0.997749154,0.977968668,0.999366648,0.465726337,50
707,410.jpg,0.997047457,0.995337198,0.174453632,0.997601376,0.736816933,0.995956977,0.96235629,60
708,413.jpg,0.999647302,0.999156357,0.113147537,0.999584318,0.974670732,0.999529374,0.832348543,60
709,1133.jpg,0.988408661,0.931298346,0.289315614,0.962780887,0.575440814,0.98007993,5.077485141,60
710,1125.jpg,0.99259799,0.949603656,0.263938074,0.968077466,0.756687266,0.984183803,2.676929557,75
711,1255.jpg,0.993656063,0.963863357,0.251681783,0.974984032,0.762227129,0.987329812,2.576804279,75
712,297.jpg,0.996488759,0.981209496,0.219970907,0.981609879,0.717279408,0.994259139,2.103637696,70
713,458.jpg,0.99444344,0.976088432,0.225970203,0.985115834,0.767409499,0.989755289,1.572710552,65
714,508.jpg,0.994883788,0.96007284,0.22217365,0.981865306,0.74446299,0.991605518,3.146355375,60
715,2166.jpg,0.989088242,0.950300733,0.282462609,0.969428715,0.691769641,0.985999751,4.803566372,60
716,2044.jpg,0.995737954,0.967717774,0.225520995,0.983832364,0.787571571,0.991166448,2.698208028,70
717,794.jpg,0.99464382,0.975038107,0.234458325,0.985658345,0.799164352,0.992641565,0.726250515,60
718,1854.jpg,0.999093769,0.994407881,0.161259081,0.996399013,0.939532439,0.99828261,1.244955224,60
719,1860.jpg,0.99903262,0.993487344,0.162997216,0.996475666,0.944079795,0.998378397,0.766851046,60
720,1130.jpg,0.993559131,0.953132617,0.257243957,0.960874185,0.529598616,0.985917681,1.137671192,60
721,876.jpg,0.997300656,0.985975578,0.201586835,0.988946779,0.801511553,0.994326388,1.342344125,70
722,1777.jpg,0.995780598,0.982000213,0.205939461,0.979708298,0.657314505,0.990882791,0.718541218,70
723,1351.jpg,0.996719493,0.979685023,0.208556692,0.985691803,0.824353035,0.992571507,0.913797664,50
724,657.jpg,0.997047457,0.995337198,0.174453632,0.997601376,0.736816933,0.995956977,0.96235629,60
725,1850.jpg,0.999033955,0.992438937,0.167568362,0.99648124,0.939696691,0.998492891,1.172823769,60
726,96.jpg,0.998800922,0.996355517,0.149857554,0.998597232,0.941063196,0.998377819,0.904604007,60
727,188.jpg,0.995456594,0.991103944,0.193254597,0.995514924,0.713495527,0.99337032,1.750768158,70
728,1202.jpg,0.992313542,0.95080528,0.27624907,0.965034772,0.649640996,0.982646489,3.858373682,60
729,3.jpg,0.998268611,0.987053133,0.175224414,0.995066302,0.857668457,0.997991472,1.432439167,60
730,588.jpg,0.99691047,0.993352644,0.188872623,0.995845669,0.909929761,0.995623212,0.896615543,70
731,1476.jpg,0.993266186,0.960338244,0.254207338,0.971823273,0.750352113,0.986129709,2.970135638,70
732,870.jpg,0.998368002,0.994988826,0.177713787,0.994622686,0.878929829,0.997681833,4.612190537,60
733,2204.jpg,0.999433618,0.995532895,0.136531394,0.997504733,0.912631302,0.998941665,2.018052108,50
734,587.jpg,0.997330321,0.993361943,0.190869818,0.993049006,0.821796444,0.996113181,1.900887865,70
735,501.jpg,0.999174256,0.994309958,0.144535105,0.998358096,0.965888686,0.999304967,1.529428854,60
736,132.jpg,0.996234709,0.996760189,0.165480192,0.997610883,0.823510405,0.99434533,0.684274651,65
737,2067.jpg,0.992976264,0.969248886,0.259299028,0.974330695,0.680461649,0.986968552,3.646425619,65
738,351.jpg,0.997367875,0.994005037,0.186937547,0.996405115,0.810454697,0.994910674,1.080505229,70
739,1369.jpg,0.992952103,0.952879567,0.26384067,0.970279744,0.679750723,0.984766919,3.802899904,75
740,1566.jpg,0.988190257,0.92679211,0.279541136,0.965984879,0.530668804,0.983680738,5.591909669,70
741,1364.jpg,0.993844811,0.948919912,0.253598567,0.976738535,0.712735194,0.989236149,4.485432649,60
742,31.jpg,0.995109417,0.972324537,0.215139753,0.988859698,0.810931379,0.992265254,2.161501037,70
743,2034.jpg,0.990451555,0.957146264,0.244702587,0.968801785,0.342225793,0.984798605,2.980008505,55
744,1134.jpg,0.991050437,0.950407931,0.271634235,0.958067759,0.544821078,0.97568661,2.455561851,60
745,2220.jpg,0.990315258,0.947535224,0.272411702,0.968890306,0.651079885,0.983805317,4.071479363,70
746,16.jpg,0.996205797,0.985930461,0.198153628,0.991236019,0.737240066,0.994544573,2.295307197,60
747,1782.jpg,0.996598052,0.983183927,0.214681224,0.98664645,0.87925815,0.99108417,0.906637204,70
748,509.jpg,0.996693149,0.985679652,0.190655077,0.992891034,0.87957885,0.994849089,1.191718924,65
749,1801.jpg,0.992321779,0.956683441,0.264567788,0.974509779,0.723069782,0.987803251,2.623254807,80
750,1521.jpg,0.993991847,0.947857431,0.270931504,0.967901545,0.72753079,0.984110122,2.215647402,70
751,2121.jpg,0.991155369,0.980638881,0.259278609,0.971233228,0.733855178,0.982099655,0.154372752,60
752,1319.jpg,0.992762941,0.953738607,0.265406282,0.973552529,0.771308137,0.986341744,3.536616354,70
753,1149.jpg,0.987112757,0.931447263,0.289674714,0.958753336,0.501574414,0.979536877,3.248555701,70
754,1640.jpg,0.999903644,0.999565834,0.102055308,0.9995462,0.983563819,0.999795112,0.145298607,70
755,1922.jpg,0.994100531,0.959470069,0.287271533,0.966795487,0.761522615,0.988204803,2.383558311,60
756,2206.jpg,0.997632325,0.985585503,0.199145457,0.991775879,0.90751555,0.996166982,0.978889183,60
757,2064.jpg,0.991532034,0.976654586,0.202188942,0.934999309,0.582241685,0.987063015,2.392028393,60
758,214.jpg,0.997591345,0.986616274,0.196348131,0.991400082,0.868146567,0.995814858,0.740107718,70
759,1199.jpg,0.992421665,0.9503195,0.262935567,0.96823866,0.640477801,0.985773605,2.950099151,70
760,360.jpg,0.996365263,0.990062999,0.199971741,0.992165688,0.873367017,0.994454022,1.113676927,70
761,546.jpg,0.99535756,0.98343057,0.207261847,0.988020666,0.733431486,0.992715232,1.692463799,70
762,678.jpg,0.994378266,0.990808119,0.209028885,0.992817642,0.78695255,0.989571702,1.182502252,60
763,1788.jpg,0.999145397,0.995507996,0.134950431,0.998324987,0.963657403,0.99933842,1.218177067,55
764,2152.jpg,0.999507393,0.995424834,0.133991629,0.997741641,0.941974072,0.999012715,2.146610185,70
765,515.jpg,0.995660572,0.9777869,0.213403247,0.98595858,0.806801845,0.994857703,2.407390168,60
766,986.jpg,0.997664046,0.978723407,0.206324472,0.99086125,0.899617858,0.996545471,2.90205257,70
767,1196.jpg,0.982286693,0.903556569,0.305723788,0.954039382,0.427487228,0.974820954,4.570685745,60
768,2089.jpg,0.994907603,0.958745349,0.235396394,0.97789723,0.778444877,0.991451683,1.900280652,65
769,2054.jpg,0.992815421,0.979012563,0.223721822,0.981723108,0.694961072,0.990614266,2.497217203,65
770,1695.jpg,0.985332254,0.961591821,0.308232535,0.959795745,0.566889449,0.982209131,4.815098153,60
771,1733.jpg,0.993426032,0.965574858,0.250787501,0.975827322,0.777849706,0.987292112,2.228673658,60
772,987.jpg,0.999442359,0.996667473,0.129569449,0.998308478,0.962361553,0.999268507,0.754460656,60
773,845.jpg,0.997216758,0.98556936,0.210208882,0.992254815,0.936743326,0.994493539,0.631459809,60
774,1849.jpg,0.999005446,0.995660376,0.160408289,0.996217626,0.883768725,0.998274499,3.04880432,60
775,532.jpg,0.999239643,0.998064469,0.136824457,0.998903326,0.95540687,0.999193524,0.228612305,70
776,1813.jpg,0.998964512,0.993783245,0.165945254,0.996384395,0.891142661,0.998407626,1.961390538,60
777,969.jpg,0.995168997,0.9773258,0.219009634,0.989743423,0.864763526,0.990500826,1.479721322,60
778,898.jpg,0.992550043,0.993838532,0.198972334,0.996445401,0.782086833,0.993214483,0.931050552,60
779,711.jpg,0.996845843,0.992444678,0.184365582,0.996539493,0.814246919,0.995433559,0.719313337,70
780,72.jpg,0.992891192,0.973616816,0.245380755,0.974107186,0.503459227,0.989000068,4.746122219,60
781,19.jpg,0.996810258,0.9798499,0.211616299,0.987390111,0.794600577,0.996062445,2.122239748,60
782,542.jpg,0.993130364,0.986834136,0.218152351,0.992687606,0.6505375,0.985479612,1.120294612,65
783,1511.jpg,0.994050607,0.942447706,0.267803919,0.963210714,0.551933152,0.987583272,2.327764707,70
784,1678.jpg,0.998741774,0.996670785,0.164554886,0.99650831,0.923139279,0.998745768,2.38016127,60
785,451.jpg,0.992695713,0.974108789,0.24135408,0.982755195,0.782343093,0.988337885,1.87507848,60
786,43.jpg,0.99324951,0.978920084,0.227053964,0.984244798,0.71116964,0.991428201,1.911970372,60
787,2048.jpg,0.993315061,0.957971661,0.2445742,0.979612892,0.753732236,0.990298345,3.336164099,60
788,1161.jpg,0.996874082,0.974606655,0.230295816,0.982878718,0.812142094,0.991405242,0.580927165,60
789,1632.jpg,0.999507541,0.999476751,0.096669306,0.999518401,0.980880598,0.999773455,0.40100057,70
790,971.jpg,0.994765559,0.981915125,0.226971334,0.986678191,0.804869146,0.989740384,1.608945427,60
791,1792.jpg,0.999871656,0.998018468,0.102394683,0.999247079,0.994749779,0.999785749,0.140355091,60
792,2193.jpg,0.999924447,0.999614306,0.079014433,0.999832195,0.992604882,0.999920533,0.11952583,70
793,131.jpg,0.998225412,0.989510116,0.166698247,0.994931912,0.890969234,0.997410463,0.711222041,80
794,1833.jpg,0.999273419,0.993471699,0.154761264,0.99661175,0.933721817,0.99876061,1.002350449,60
795,232.jpg,0.996826758,0.981353592,0.198183961,0.993613286,0.885579613,0.995150251,1.047615064,60
796,771.jpg,0.994700341,0.989533155,0.201906081,0.994764145,0.810879407,0.992016238,1.052502856,60
797,1373.jpg,0.996935041,0.977242986,0.224266305,0.980038237,0.7917743,0.989039079,0.979546616,60
798,137.jpg,0.996166341,0.994125189,0.180482156,0.998161938,0.778591412,0.995717182,0.736414919,60
799,1064.jpg,0.984978338,0.947120111,0.313554512,0.935882081,0.666628475,0.97153504,0.209713707,50
800,64.jpg,0.994889876,0.965253935,0.252533409,0.980485335,0.80056643,0.991543897,1.831608135,60
801,1011.jpg,0.994863296,0.941749796,0.244526289,0.976146035,0.789849946,0.990382805,2.426177298,60
802,988.jpg,0.998720973,0.987478212,0.176993174,0.994514766,0.906231991,0.997590448,3.410575643,55
803,398.jpg,0.996368456,0.995283546,0.166027078,0.997835823,0.828030826,0.994656723,0.576549905,60
804,2203.jpg,0.998278215,0.98959715,0.183912896,0.993542818,0.925744452,0.996443474,0.63723675,60
805,133.jpg,0.995924626,0.994159836,0.178922973,0.998062065,0.745565128,0.994190886,1.037729951,70
806,2062.jpg,0.993979037,0.962577207,0.243334446,0.978434359,0.709016858,0.989525232,4.157987918,60
807,832.jpg,0.997459006,0.987036042,0.20697185,0.989421889,0.882915344,0.995212402,1.066889733,70
808,2072.jpg,0.988305592,0.944989764,0.274725141,0.975023247,0.613674632,0.986643245,5.010359005,65
809,1572.jpg,0.994516838,0.961711016,0.254923168,0.979011059,0.75972564,0.987374035,2.742531805,70
810,209.jpg,0.996233819,0.972711468,0.214849702,0.985000147,0.700924867,0.991678126,1.830906746,70
811,1074.jpg,0.999046046,0.991362365,0.16769156,0.995782907,0.883675446,0.99809895,0.871568001,60
812,976.jpg,0.994617763,0.984369559,0.226807264,0.987594756,0.825451357,0.991663757,1.538212909,60
813,212.jpg,0.993608042,0.980976336,0.217149433,0.990617025,0.767609037,0.992390574,1.391472048,60
814,355.jpg,0.993968011,0.977947221,0.230342795,0.991211033,0.694491915,0.990871602,1.092368977,65
815,764.jpg,0.996810258,0.9798499,0.211616299,0.987390111,0.794600577,0.996062445,2.122239748,60
816,1523.jpg,0.998762999,0.992977201,0.161521603,0.996192066,0.859561825,0.998277248,1.001717179,65
817,648.jpg,0.996835429,0.993138886,0.174368386,0.998104417,0.742507238,0.99535651,0.776714756,60
818,1435.jpg,0.991925656,0.9509202,0.275071311,0.967542824,0.654334385,0.982419472,3.790682362,70
819,1676.jpg,0.998675275,0.995432452,0.169789306,0.996281582,0.90649543,0.998516348,3.495200859,60
820,855.jpg,0.992561873,0.976655845,0.242135319,0.988542353,0.735224041,0.989631916,1.550922453,60
821,1269.jpg,0.991380312,0.923254556,0.29125294,0.970382314,0.453155935,0.979665389,4.58680104,80
822,200.jpg,0.991895713,0.969836545,0.23854293,0.979773909,0.678206856,0.985439736,1.054563026,60
823,1392.jpg,0.990791543,0.955235938,0.27082464,0.969208856,0.683847907,0.984054915,4.917171462,60
824,456.jpg,0.994771112,0.97322825,0.220397046,0.986219794,0.628399849,0.98796501,2.248821651,60
825,111.jpg,0.994255722,0.985654166,0.218957415,0.993391499,0.760040491,0.992637126,1.59385687,60
826,1215.jpg,0.990991737,0.946184447,0.280655478,0.96610274,0.595662545,0.98310504,0.226574565,80
827,862.jpg,0.997149784,0.987847998,0.203854404,0.989562705,0.87140956,0.99542655,0.876741134,70
828,1057.jpg,0.996638592,0.989710262,0.213946498,0.987695724,0.784795283,0.994534495,2.894645261,70
829,1885.jpg,0.999482888,0.995272511,0.134652791,0.998038672,0.971130638,0.9992965,0.119554397,60
830,1455.jpg,0.989205144,0.930036801,0.290107724,0.950845113,0.632465577,0.972933657,3.358187262,70
831,244.jpg,0.996108729,0.978785163,0.214499588,0.984838328,0.784896724,0.99372235,2.674820303,70
832,1895.jpg,0.982417622,0.996070903,0.214299775,0.982431811,0.854431702,0.995343933,48.57973972,30
833,1135.jpg,0.995213886,0.96315925,0.248151931,0.979652229,0.755463722,0.98870671,1.967893469,70
834,1519.jpg,0.996357081,0.970682385,0.210290303,0.985717814,0.831317829,0.993694917,1.288921826,60
835,1825.jpg,0.999822037,0.999062474,0.093454139,0.999589632,0.986353365,0.999802426,0.264927871,60
836,1430.jpg,0.992874152,0.958080088,0.265027517,0.973095724,0.724707193,0.985330612,1.912413369,60
837,765.jpg,0.997107074,0.986282198,0.182931488,0.995769989,0.829505282,0.995259697,1.312153607,70
838,776.jpg,0.994395725,0.969251006,0.227398833,0.986425968,0.795129597,0.990111246,2.431571072,60
839,1344.jpg,0.992300155,0.963341117,0.252025432,0.976377602,0.741684639,0.986494967,2.401478518,70
840,1152.jpg,0.992287096,0.963818228,0.259866662,0.975478587,0.67500776,0.987232497,3.92283196,70
841,594.jpg,0.997215441,0.993825102,0.189331854,0.995752999,0.841697069,0.995169664,1.281458662,70
842,811.jpg,0.99739849,0.989126616,0.204304347,0.989903774,0.835030272,0.994489031,1.512974016,70
843,1602.jpg,0.988225823,0.957395896,0.285711157,0.980761628,0.596803716,0.985682691,4.524276149,65
844,1249.jpg,0.991718316,0.968147345,0.253672935,0.977059193,0.695893736,0.987901784,4.041459707,70
845,2164.jpg,0.979083814,0.880213636,0.342768835,0.933660467,0.489071108,0.964702962,3.755148757,40
846,1443.jpg,0.989947822,0.94140512,0.277438177,0.968108466,0.617294746,0.983415815,2.784475751,65
847,1947.jpg,0.996034506,0.969820498,0.221495671,0.984243237,0.821397709,0.992158937,2.315195735,70
848,843.jpg,0.988188022,0.964608162,0.256589141,0.978928178,0.470880953,0.985936875,1.885569847,60
849,1309.jpg,0.988204556,0.950246335,0.280133451,0.95870711,0.544393107,0.974882525,3.11241825,60
850,1612.jpg,0.999103865,0.994301503,0.160272621,0.997204756,0.961436943,0.998655472,0.34448778,60
851,349.jpg,0.993569818,0.978130542,0.260924989,0.975020571,0.678854345,0.992054937,2.987178385,60
852,1738.jpg,0.989745115,0.952272553,0.264217429,0.970778523,0.683845389,0.984883876,4.628006326,70
853,175.jpg,0.997310908,0.988569558,0.203322975,0.993509652,0.886286128,0.993478421,0.801100898,60
854,77.jpg,0.995963744,0.992308074,0.201892351,0.994374483,0.798624327,0.994555204,1.679470831,70
855,1784.jpg,0.995603854,0.969545544,0.217288295,0.984441202,0.77920102,0.992628695,2.709511222,70
856,242.jpg,0.995991951,0.988194158,0.21377778,0.990585634,0.84827547,0.993716273,1.387705475,60
857,1607.jpg,0.996736006,0.986951633,0.199452749,0.992856706,0.824453038,0.996027195,1.957298852,60
858,948.jpg,0.996019227,0.979986834,0.204879802,0.989088469,0.65801717,0.992418312,2.170203873,70
859,441.jpg,0.996199216,0.99479997,0.175293286,0.997523386,0.749889013,0.99418079,0.704837167,60
860,2214.jpg,0.994412218,0.943880448,0.243197662,0.977315932,0.773751535,0.991916182,2.295427532,55
861,2073.jpg,0.990846122,0.972337362,0.2483914,0.978982248,0.728244993,0.989329828,3.375636299,65
862,897.jpg,0.995913649,0.995131081,0.178609632,0.997437183,0.805044174,0.995471524,0.85870785,60
863,785.jpg,0.998554053,0.995383679,0.159422006,0.99812652,0.902024025,0.997242589,0.365131455,70
864,1079.jpg,0.999479856,0.996847238,0.142089042,0.998243127,0.935432879,0.999058968,0.349381421,60
865,2179.jpg,0.999395782,0.994797098,0.146089456,0.997334445,0.951949011,0.998981327,2.983395268,40
866,127.jpg,0.997775013,0.997918461,0.155197242,0.999118764,0.888677842,0.998157556,0.417942865,70
867,2100.jpg,0.999549607,0.999375572,0.117727684,0.999201362,0.971340343,0.999437931,1.703810784,60
868,2013.jpg,0.994249846,0.97639125,0.217491157,0.983044068,0.563222315,0.992128907,5.124135642,70
869,650.jpg,0.99753054,0.997523028,0.162406624,0.998039045,0.797851824,0.995992078,0.662132427,60
870,1639.jpg,0.999977575,0.999954645,0.067245186,0.99991446,0.993673145,0.999937219,0.024934514,80
871,1146.jpg,0.986955589,0.92203139,0.295874095,0.961201711,0.580667733,0.979203566,5.392969269,60
872,479.jpg,0.996615674,0.9905136,0.184105278,0.996660758,0.688845179,0.994172414,0.993129686,60
873,1963.jpg,0.995444623,0.980800561,0.199157665,0.984171351,0.536955549,0.991890315,3.807578799,70
874,439.jpg,0.996079791,0.991650192,0.193277141,0.99501788,0.773949397,0.993794244,1.326732768,65
875,1395.jpg,0.989668256,0.956560504,0.2667964,0.972008393,0.668341947,0.985824233,5.382279483,60
876,1090.jpg,0.999328009,0.996707281,0.146596899,0.99774731,0.924689754,0.999246273,0.392095264,70
877,129.jpg,0.996516605,0.986251235,0.19479919,0.99146049,0.830306426,0.99470765,1.17618447,65
878,593.jpg,0.992804144,0.979960387,0.231200121,0.991906999,0.729434532,0.986717033,0.265900932,60
879,1084.jpg,0.999329153,0.9949873,0.138303888,0.998025693,0.837924331,0.998467046,0.463652883,70
880,415.jpg,0.99618615,0.991491304,0.188279067,0.994894269,0.853953043,0.994707773,1.179966488,65
881,1358.jpg,0.988039717,0.936199199,0.277731446,0.968227598,0.585388391,0.980958881,3.255040424,60
882,1787.jpg,0.999809639,0.998546593,0.101251822,0.99945281,0.990072462,0.999764347,0.227903319,60
883,452.jpg,0.996233819,0.972711468,0.214849702,0.985000147,0.700924867,0.991678126,1.830906746,70
884,2051.jpg,0.996669518,0.972306231,0.215406409,0.985650845,0.824225213,0.991367327,2.183250895,70
885,2083.jpg,0.993281718,0.953217825,0.245099978,0.977539578,0.60286252,0.989356247,3.782786247,70
886,2074.jpg,0.991550027,0.984025548,0.233492861,0.971771385,0.681753888,0.98594549,1.932062117,60
887,1545.jpg,0.990665033,0.938476391,0.283460263,0.966482335,0.569096209,0.977946968,2.355175949,70
888,1416.jpg,0.996701357,0.974184912,0.22558366,0.982493226,0.800731673,0.987747029,0.77902433,60
889,1070.jpg,0.999484559,0.997291851,0.137360294,0.997938257,0.967081148,0.998969033,0.152747757,60
890,1692.jpg,0.990302142,0.96117541,0.28074585,0.97603627,0.629754861,0.987254703,4.454534248,60
891,1608.jpg,0.988079576,0.963323737,0.277499133,0.97136817,0.648635913,0.985317855,5.145250159,60
892,2113.jpg,0.985769813,0.925169011,0.304973917,0.955852271,0.581451818,0.976946392,4.038710165,55
893,1605.jpg,0.987114218,0.928079217,0.282310293,0.964899801,0.527817461,0.983241783,5.804242133,60
894,1620.jpg,0.999214655,0.994958421,0.15481804,0.997287704,0.939818378,0.998609339,0.343768006,60
895,309.jpg,0.998002596,0.994089184,0.169864726,0.997185913,0.733858076,0.995722156,1.092671092,70
896,267.jpg,0.997202407,0.984214465,0.191532548,0.993288479,0.901394917,0.995202635,0.86282635,60
897,927.jpg,0.994638987,0.983776507,0.216879994,0.991105703,0.729385508,0.991012971,1.998648232,60
898,1902.jpg,0.999963454,0.999726433,0.067056153,0.999887121,0.998764155,0.999963652,0.076105796,60
899,56.jpg,0.998963513,0.999476651,0.115675051,0.999584774,0.861559238,0.998391632,0.634603821,60
900,438.jpg,0.995979121,0.991735188,0.188305481,0.995720323,0.80866805,0.995250029,0.996579278,60
901,895.jpg,0.997099798,0.995557365,0.170557867,0.998210003,0.790398605,0.995821208,0.849196616,60
902,1381.jpg,0.988485239,0.941064517,0.284351375,0.961653582,0.573661999,0.980826223,5.500406054,60
903,37.jpg,0.995846332,0.983265017,0.211602917,0.98916193,0.767929893,0.992831746,1.393355269,60
904,1147.jpg,0.987682753,0.940082373,0.288661924,0.959938357,0.607372565,0.978466117,4.604406718,70
905,235.jpg,0.995828263,0.986176738,0.200182568,0.989119907,0.775662714,0.993670745,1.676143161,70
906,1923.jpg,0.985406037,0.927374589,0.295118901,0.962551591,0.53489124,0.98063391,5.358615094,55
907,774.jpg,0.998006723,0.995298912,0.167950451,0.997486091,0.87174787,0.997224814,0.799159292,60
908,1930.jpg,0.996385475,0.995820595,0.180262179,0.915030722,0.872173645,0.994202829,0.580842454,60
909,665.jpg,0.999657382,0.999098589,0.112421514,0.999543042,0.97750003,0.999544786,0.766529321,60
910,958.jpg,0.996063531,0.991937861,0.195161449,0.994731093,0.839342213,0.993985588,0.953141685,65
911,934.jpg,0.994694066,0.980304787,0.21390651,0.98422754,0.7005285,0.991851895,2.880229427,70
912,659.jpg,0.997523595,0.995595871,0.164112991,0.998945525,0.842502967,0.997361944,0.456625626,70
913,248.jpg,0.998485251,0.995405431,0.159558246,0.997588059,0.925226847,0.999042522,2.975184351,60
914,1641.jpg,0.999611485,0.997951562,0.139459881,0.99818795,0.925077654,0.999169801,0.281678888,70
915,873.jpg,0.996476521,0.993899171,0.194845493,0.995365313,0.849524276,0.994163325,0.8547119,70
916,853.jpg,0.994449903,0.979032383,0.23669885,0.98938995,0.772617891,0.992281641,3.943725322,70
917,2201.jpg,0.99658593,0.974164887,0.226921868,0.986749527,0.861712184,0.993953334,4.290105703,55
918,97.jpg,0.99889383,0.994257559,0.159997068,0.997598746,0.964311537,0.998755292,1.329838759,60
919,732.jpg,0.99428791,0.978218697,0.226792108,0.985960242,0.78317562,0.991531408,1.677186474,60
920,1863.jpg,0.99690865,0.981779853,0.204467756,0.981516441,0.855565354,0.993902777,0.667906474,60
921,1579.jpg,0.991548179,0.954778544,0.260586966,0.964133724,0.569441593,0.982923823,4.109596967,60
922,1029.jpg,0.994233674,0.963257812,0.245889024,0.973247686,0.700829364,0.989286622,1.293667786,50
923,780.jpg,0.996783679,0.994247438,0.189019436,0.996693283,0.867917119,0.995698503,1.321695144,70
924,1253.jpg,0.99272275,0.96603085,0.255251089,0.969260107,0.634466466,0.9794279,1.584682752,70
925,1306.jpg,0.986759982,0.955580179,0.260992987,0.964735126,0.287688584,0.977580793,0.783965942,65
926,883.jpg,0.996382963,0.989551596,0.210936494,0.989420724,0.649236715,0.992781732,1.109901362,60
927,2011.jpg,0.993567752,0.978671578,0.215041428,0.981591549,0.586056817,0.989745023,1.165731906,60
928,815.jpg,0.991452118,0.985018236,0.224602468,0.98232607,0.641132187,0.988096535,0.913065037,60
929,324.jpg,0.996986714,0.992646188,0.190515735,0.995874842,0.820174912,0.995324979,1.087762107,70
930,689.jpg,0.9931402,0.979612431,0.23005299,0.987084512,0.79663069,0.98883566,1.938309243,65
931,1691.jpg,0.990841461,0.942332931,0.277509627,0.962134325,0.58781851,0.98137922,0.050111464,50
932,2222.jpg,0.992874861,0.958952787,0.255708489,0.974544606,0.571920968,0.987619999,1.883277974,65
933,1200.jpg,0.996282031,0.975796045,0.212684488,0.98051949,0.767757873,0.993550822,1.160726614,70
934,745.jpg,0.999183868,0.996090122,0.170461954,0.995339098,0.750568968,0.998528902,1.849266033,50
935,143.jpg,0.997454569,0.997537258,0.163959633,0.999344847,0.835726325,0.998242857,0.387894328,70
936,1906.jpg,0.992815807,0.946360258,0.274716516,0.96646659,0.686680525,0.986662358,2.615228547,60
937,2180.jpg,0.999637467,0.998354291,0.122312249,0.998814318,0.970108726,0.999498155,0.153942817,70
938,949.jpg,0.99557907,0.983996696,0.212077877,0.988587558,0.875941678,0.993516732,1.124409569,70
939,287.jpg,0.995492537,0.991743038,0.194460152,0.994368088,0.79524681,0.993763065,1.155323934,70
940,1583.jpg,0.99198334,0.939565911,0.26401772,0.967034412,0.649108422,0.982076471,3.237761043,70
941,1601.jpg,0.986833202,0.966948145,0.285438265,0.975024336,0.683640892,0.984912796,3.809593707,60
942,1314.jpg,0.99021744,0.940279248,0.279290059,0.964202811,0.640412371,0.981079087,2.670667074,70
943,761.jpg,0.997800431,0.99513607,0.185234494,0.99604469,0.806572053,0.997638804,2.040286607,70
944,1558.jpg,0.994545011,0.963084774,0.2488788,0.96991641,0.55210757,0.983279153,1.619997308,50
945,1957.jpg,0.993769773,0.979308258,0.221071867,0.978679857,0.652640667,0.990635367,1.562044791,65
946,865.jpg,0.997558968,0.993529376,0.185840051,0.995170133,0.906637408,0.99612443,0.726925547,70
947,1043.jpg,0.997887103,0.994663663,0.171821673,0.995915873,0.806744154,0.995824746,0.776399336,70
948,1313.jpg,0.994240922,0.974465652,0.242919162,0.980086358,0.653922266,0.989071976,4.35125817,70
949,706.jpg,0.996109933,0.9873123,0.211411481,0.98910218,0.813382495,0.994679045,1.723632435,70
950,1627.jpg,0.995174022,0.983306052,0.21830736,0.990975725,0.794612504,0.995582112,1.527249411,70
951,1748.jpg,0.993320844,0.958546918,0.258427759,0.979776207,0.716581712,0.989412474,2.621779859,80
952,773.jpg,0.999035778,0.99780281,0.136926511,0.998752516,0.940561892,0.999087643,0.251856662,70
953,846.jpg,0.995963744,0.992308074,0.201892351,0.994374483,0.798624327,0.994555204,1.679470831,70
954,928.jpg,0.995573843,0.991327378,0.192443968,0.996484675,0.777459739,0.994057993,1.177177126,60
955,1436.jpg,0.99045401,0.962430122,0.265967024,0.972967938,0.734834543,0.985701448,2.337407502,65
956,1915.jpg,0.992784637,0.977463987,0.246730497,0.97813297,0.727352621,0.988925406,2.200555433,60
957,1037.jpg,0.995132355,0.970808921,0.227730882,0.982890259,0.771487423,0.99155417,3.342784411,60
958,1132.jpg,0.988970885,0.937853902,0.282556082,0.961155995,0.538146962,0.979305581,5.295932397,60
959,849.jpg,0.993991596,0.969328106,0.242130281,0.988825344,0.851172781,0.992269346,1.143557995,60
960,1814.jpg,0.998714507,0.993215336,0.165709625,0.996212746,0.905819036,0.998415656,3.116462181,60
961,336.jpg,0.995845869,0.985135497,0.218893935,0.987423406,0.829137067,0.99172822,1.419670829,60
962,1690.jpg,0.995240126,0.969597486,0.228446741,0.983663132,0.656381984,0.991820643,3.535270452,70
963,281.jpg,0.996457153,0.977123071,0.225815245,0.988739945,0.838733492,0.992612641,1.056989021,60
964,239.jpg,0.997482202,0.995476807,0.171895586,0.99824417,0.794938617,0.996553703,0.648326186,70
965,808.jpg,0.991852044,0.97364612,0.228725516,0.987436898,0.661915332,0.988301645,1.610365517,60
966,1295.jpg,0.993301722,0.95470575,0.256611235,0.975369148,0.698257134,0.988788547,4.390710796,60
967,1020.jpg,0.999343207,0.993894783,0.146369305,0.995314561,0.931895101,0.998932867,1.225074181,50
968,1659.jpg,0.991112304,0.931258679,0.276724021,0.968131455,0.660629796,0.986997155,4.445574622,60
969,734.jpg,0.994643478,0.979700735,0.220429851,0.986637376,0.689609335,0.989622595,2.361577067,60
970,826.jpg,0.995182744,0.991457245,0.188487312,0.990592966,0.693677631,0.992005477,0.156332704,60
971,292.jpg,0.999156161,0.995780076,0.149997923,0.997724805,0.963022378,0.998392697,0.63630375,60
972,1480.jpg,0.989234965,0.950009612,0.277099397,0.956547154,0.46096136,0.975619896,1.751062341,60
973,1966.jpg,0.993153031,0.96159581,0.226536184,0.97582888,0.52447848,0.988872698,4.415126948,70
974,1621.jpg,0.994475044,0.983386325,0.237189407,0.983692073,0.773399362,0.993102714,4.204669179,60
975,769.jpg,0.997787954,0.989266537,0.174173748,0.995208219,0.795917859,0.996104645,1.313019724,70
976,1732.jpg,0.998208667,0.98378264,0.202685965,0.987304728,0.88017954,0.993200963,0.532110792,70
977,1076.jpg,0.996547499,0.98874503,0.207470995,0.989091177,0.84199136,0.995329753,1.18557747,70
